Chromosome name,Start,TE,End,hit_count
chr1,1,EnSpm-N49,2e+06,0
chr1,1,EnSpm-N49B,2e+06,0
chr1,1,EnSpm-N49/N49B,2e+06,0
chr1,2000001,EnSpm-N49,4e+06,0
chr1,2000001,EnSpm-N49B,4e+06,0
chr1,2000001,EnSpm-N49/N49B,4e+06,0
chr1,4000001,EnSpm-N49,6e+06,0
chr1,4000001,EnSpm-N49B,6e+06,0
chr1,4000001,EnSpm-N49/N49B,6e+06,0
chr1,4000001,EnSpm-N49/N49B,6e+06,1
chr1,6000001,EnSpm-N49,8e+06,0
chr1,6000001,EnSpm-N49B,8e+06,0
chr1,6000001,EnSpm-N49/N49B,8e+06,0
chr1,8000001,EnSpm-N49,1e+07,0
chr1,8000001,EnSpm-N49B,1e+07,0
chr1,8000001,EnSpm-N49/N49B,1e+07,0
chr1,10000001,EnSpm-N49,1.2e+07,0
chr1,10000001,EnSpm-N49B,1.2e+07,0
chr1,10000001,EnSpm-N49/N49B,1.2e+07,0
chr1,12000001,EnSpm-N49,1.4e+07,0
chr1,12000001,EnSpm-N49B,1.4e+07,0
chr1,12000001,EnSpm-N49/N49B,1.4e+07,0
chr1,14000001,EnSpm-N49,1.6e+07,0
chr1,14000001,EnSpm-N49B,1.6e+07,0
chr1,14000001,EnSpm-N49/N49B,1.6e+07,0
chr1,16000001,EnSpm-N49,1.8e+07,0
chr1,16000001,EnSpm-N49B,1.8e+07,0
chr1,16000001,EnSpm-N49/N49B,1.8e+07,0
chr1,16000001,EnSpm-N49/N49B,1.8e+07,1
chr1,18000001,EnSpm-N49,2e+07,0
chr1,18000001,EnSpm-N49B,2e+07,0
chr1,18000001,EnSpm-N49/N49B,2e+07,0
chr1,18000001,EnSpm-N49/N49B,2e+07,1
chr1,20000001,EnSpm-N49,2.2e+07,0
chr1,20000001,EnSpm-N49B,2.2e+07,0
chr1,20000001,EnSpm-N49/N49B,2.2e+07,0
chr1,22000001,EnSpm-N49,2.4e+07,0
chr1,22000001,EnSpm-N49B,2.4e+07,0
chr1,22000001,EnSpm-N49/N49B,2.4e+07,0
chr1,24000001,EnSpm-N49,2.6e+07,0
chr1,24000001,EnSpm-N49B,2.6e+07,0
chr1,24000001,EnSpm-N49/N49B,2.6e+07,0
chr1,26000001,EnSpm-N49,2.8e+07,0
chr1,26000001,EnSpm-N49B,2.8e+07,0
chr1,26000001,EnSpm-N49/N49B,2.8e+07,0
chr1,28000001,EnSpm-N49,3e+07,0
chr1,28000001,EnSpm-N49B,3e+07,0
chr1,28000001,EnSpm-N49/N49B,3e+07,0
chr1,28000001,EnSpm-N49/N49B,3e+07,1
chr1,30000001,EnSpm-N49,3.2e+07,0
chr1,30000001,EnSpm-N49B,3.2e+07,0
chr1,30000001,EnSpm-N49/N49B,3.2e+07,0
chr1,32000001,EnSpm-N49,3.4e+07,0
chr1,32000001,EnSpm-N49B,3.4e+07,0
chr1,32000001,EnSpm-N49/N49B,3.4e+07,0
chr1,34000001,EnSpm-N49,3.6e+07,0
chr1,34000001,EnSpm-N49B,3.6e+07,0
chr1,34000001,EnSpm-N49/N49B,3.6e+07,0
chr1,36000001,EnSpm-N49,3.8e+07,0
chr1,36000001,EnSpm-N49B,3.8e+07,0
chr1,36000001,EnSpm-N49/N49B,3.8e+07,0
chr1,38000001,EnSpm-N49,4e+07,0
chr1,38000001,EnSpm-N49B,4e+07,0
chr1,38000001,EnSpm-N49/N49B,4e+07,0
chr1,40000001,EnSpm-N49,4.2e+07,0
chr1,40000001,EnSpm-N49B,4.2e+07,0
chr1,40000001,EnSpm-N49/N49B,4.2e+07,0
chr1,42000001,EnSpm-N49,4.4e+07,0
chr1,42000001,EnSpm-N49B,4.4e+07,0
chr1,42000001,EnSpm-N49/N49B,4.4e+07,0
chr1,44000001,EnSpm-N49,4.6e+07,0
chr1,44000001,EnSpm-N49B,4.6e+07,0
chr1,44000001,EnSpm-N49/N49B,4.6e+07,0
chr1,46000001,EnSpm-N49,4.8e+07,0
chr1,46000001,EnSpm-N49B,4.8e+07,0
chr1,46000001,EnSpm-N49/N49B,4.8e+07,0
chr1,48000001,EnSpm-N49,5e+07,0
chr1,48000001,EnSpm-N49B,5e+07,0
chr1,48000001,EnSpm-N49/N49B,5e+07,0
chr1,50000001,EnSpm-N49,5.2e+07,0
chr1,50000001,EnSpm-N49B,5.2e+07,0
chr1,50000001,EnSpm-N49/N49B,5.2e+07,0
chr1,52000001,EnSpm-N49,5.4e+07,0
chr1,52000001,EnSpm-N49B,5.4e+07,0
chr1,52000001,EnSpm-N49/N49B,5.4e+07,0
chr1,54000001,EnSpm-N49,5.6e+07,0
chr1,54000001,EnSpm-N49B,5.6e+07,0
chr1,54000001,EnSpm-N49/N49B,5.6e+07,0
chr1,56000001,EnSpm-N49,5.8e+07,0
chr1,56000001,EnSpm-N49B,5.8e+07,0
chr1,56000001,EnSpm-N49/N49B,5.8e+07,0
chr1,58000001,EnSpm-N49,6e+07,0
chr1,58000001,EnSpm-N49B,6e+07,0
chr1,58000001,EnSpm-N49/N49B,6e+07,0
chr1,60000001,EnSpm-N49,6.2e+07,0
chr1,60000001,EnSpm-N49B,6.2e+07,0
chr1,60000001,EnSpm-N49/N49B,6.2e+07,0
chr1,62000001,EnSpm-N49,6.4e+07,0
chr1,62000001,EnSpm-N49B,6.4e+07,0
chr1,62000001,EnSpm-N49/N49B,6.4e+07,0
chr1,64000001,EnSpm-N49,6.6e+07,0
chr1,64000001,EnSpm-N49B,6.6e+07,0
chr1,64000001,EnSpm-N49/N49B,6.6e+07,0
chr1,66000001,EnSpm-N49,6.8e+07,0
chr1,66000001,EnSpm-N49B,6.8e+07,0
chr1,66000001,EnSpm-N49/N49B,6.8e+07,0
chr2,1,EnSpm-N49,2e+06,0
chr2,1,EnSpm-N49B,2e+06,0
chr2,1,EnSpm-N49/N49B,2e+06,0
chr2,2000001,EnSpm-N49,4e+06,0
chr2,2000001,EnSpm-N49B,4e+06,0
chr2,2000001,EnSpm-N49/N49B,4e+06,0
chr2,4000001,EnSpm-N49,6e+06,0
chr2,4000001,EnSpm-N49B,6e+06,0
chr2,4000001,EnSpm-N49/N49B,6e+06,0
chr2,6000001,EnSpm-N49,8e+06,0
chr2,6000001,EnSpm-N49B,8e+06,0
chr2,6000001,EnSpm-N49/N49B,8e+06,0
chr2,6000001,EnSpm-N49/N49B,8e+06,1
chr2,8000001,EnSpm-N49,1e+07,0
chr2,8000001,EnSpm-N49B,1e+07,0
chr2,8000001,EnSpm-N49/N49B,1e+07,0
chr2,10000001,EnSpm-N49,1.2e+07,0
chr2,10000001,EnSpm-N49B,1.2e+07,0
chr2,10000001,EnSpm-N49/N49B,1.2e+07,0
chr2,12000001,EnSpm-N49,1.4e+07,0
chr2,12000001,EnSpm-N49B,1.4e+07,0
chr2,12000001,EnSpm-N49/N49B,1.4e+07,0
chr2,14000001,EnSpm-N49,1.6e+07,0
chr2,14000001,EnSpm-N49B,1.6e+07,0
chr2,14000001,EnSpm-N49/N49B,1.6e+07,0
chr2,16000001,EnSpm-N49,1.8e+07,0
chr2,16000001,EnSpm-N49B,1.8e+07,0
chr2,16000001,EnSpm-N49/N49B,1.8e+07,0
chr2,18000001,EnSpm-N49,2e+07,0
chr2,18000001,EnSpm-N49B,2e+07,0
chr2,18000001,EnSpm-N49/N49B,2e+07,0
chr2,20000001,EnSpm-N49,2.2e+07,0
chr2,20000001,EnSpm-N49B,2.2e+07,0
chr2,20000001,EnSpm-N49/N49B,2.2e+07,0
chr2,22000001,EnSpm-N49,2.4e+07,0
chr2,22000001,EnSpm-N49B,2.4e+07,0
chr2,22000001,EnSpm-N49/N49B,2.4e+07,0
chr2,24000001,EnSpm-N49,2.6e+07,0
chr2,24000001,EnSpm-N49B,2.6e+07,0
chr2,24000001,EnSpm-N49/N49B,2.6e+07,0
chr2,26000001,EnSpm-N49,2.8e+07,0
chr2,26000001,EnSpm-N49B,2.8e+07,0
chr2,26000001,EnSpm-N49/N49B,2.8e+07,0
chr2,28000001,EnSpm-N49,3e+07,0
chr2,28000001,EnSpm-N49B,3e+07,0
chr2,28000001,EnSpm-N49/N49B,3e+07,0
chr2,28000001,EnSpm-N49/N49B,3e+07,1
chr2,30000001,EnSpm-N49,3.2e+07,0
chr2,30000001,EnSpm-N49B,3.2e+07,0
chr2,30000001,EnSpm-N49/N49B,3.2e+07,0
chr2,32000001,EnSpm-N49,3.4e+07,0
chr2,32000001,EnSpm-N49B,3.4e+07,0
chr2,32000001,EnSpm-N49/N49B,3.4e+07,0
chr2,34000001,EnSpm-N49,3.6e+07,0
chr2,34000001,EnSpm-N49B,3.6e+07,0
chr2,34000001,EnSpm-N49/N49B,3.6e+07,0
chr2,36000001,EnSpm-N49,3.8e+07,0
chr2,36000001,EnSpm-N49B,3.8e+07,0
chr2,36000001,EnSpm-N49/N49B,3.8e+07,0
chr2,38000001,EnSpm-N49,4e+07,0
chr2,38000001,EnSpm-N49B,4e+07,0
chr2,38000001,EnSpm-N49/N49B,4e+07,0
chr2,40000001,EnSpm-N49,4.2e+07,0
chr2,40000001,EnSpm-N49B,4.2e+07,0
chr2,40000001,EnSpm-N49/N49B,4.2e+07,0
chr2,42000001,EnSpm-N49,4.4e+07,0
chr2,42000001,EnSpm-N49B,4.4e+07,0
chr2,42000001,EnSpm-N49/N49B,4.4e+07,0
chr2,44000001,EnSpm-N49,4.6e+07,0
chr2,44000001,EnSpm-N49B,4.6e+07,0
chr2,44000001,EnSpm-N49/N49B,4.6e+07,0
chr2,46000001,EnSpm-N49,4.8e+07,0
chr2,46000001,EnSpm-N49B,4.8e+07,0
chr2,46000001,EnSpm-N49/N49B,4.8e+07,0
chr2,48000001,EnSpm-N49,5e+07,0
chr2,48000001,EnSpm-N49B,5e+07,0
chr2,48000001,EnSpm-N49/N49B,5e+07,0
chr2,50000001,EnSpm-N49,5.2e+07,0
chr2,50000001,EnSpm-N49B,5.2e+07,0
chr2,50000001,EnSpm-N49/N49B,5.2e+07,0
chr2,52000001,EnSpm-N49,5.4e+07,0
chr2,52000001,EnSpm-N49B,5.4e+07,0
chr2,52000001,EnSpm-N49/N49B,5.4e+07,0
chr2,54000001,EnSpm-N49,5.6e+07,0
chr2,54000001,EnSpm-N49B,5.6e+07,0
chr2,54000001,EnSpm-N49/N49B,5.6e+07,0
chr2,56000001,EnSpm-N49,5.8e+07,0
chr2,56000001,EnSpm-N49B,5.8e+07,0
chr2,56000001,EnSpm-N49/N49B,5.8e+07,0
chr2,58000001,EnSpm-N49,6e+07,0
chr2,58000001,EnSpm-N49B,6e+07,0
chr2,58000001,EnSpm-N49/N49B,6e+07,0
chr2,60000001,EnSpm-N49,6.2e+07,0
chr2,60000001,EnSpm-N49B,6.2e+07,0
chr2,60000001,EnSpm-N49/N49B,6.2e+07,0
chr2,62000001,EnSpm-N49,6.4e+07,0
chr2,62000001,EnSpm-N49B,6.4e+07,0
chr2,62000001,EnSpm-N49/N49B,6.4e+07,0
chr2,64000001,EnSpm-N49,6.6e+07,0
chr2,64000001,EnSpm-N49B,6.6e+07,0
chr2,64000001,EnSpm-N49/N49B,6.6e+07,0
chr2,66000001,EnSpm-N49,6.8e+07,0
chr2,66000001,EnSpm-N49B,6.8e+07,0
chr2,66000001,EnSpm-N49/N49B,6.8e+07,0
chr3,1,EnSpm-N49,2e+06,0
chr3,1,EnSpm-N49B,2e+06,0
chr3,1,EnSpm-N49/N49B,2e+06,0
chr3,2000001,EnSpm-N49,4e+06,0
chr3,2000001,EnSpm-N49B,4e+06,0
chr3,2000001,EnSpm-N49/N49B,4e+06,0
chr3,4000001,EnSpm-N49,6e+06,0
chr3,4000001,EnSpm-N49B,6e+06,0
chr3,4000001,EnSpm-N49/N49B,6e+06,0
chr3,6000001,EnSpm-N49,8e+06,0
chr3,6000001,EnSpm-N49B,8e+06,0
chr3,6000001,EnSpm-N49/N49B,8e+06,0
chr3,8000001,EnSpm-N49,1e+07,0
chr3,8000001,EnSpm-N49B,1e+07,0
chr3,8000001,EnSpm-N49/N49B,1e+07,0
chr3,10000001,EnSpm-N49,1.2e+07,0
chr3,10000001,EnSpm-N49B,1.2e+07,0
chr3,10000001,EnSpm-N49/N49B,1.2e+07,0
chr3,10000001,EnSpm-N49,1.2e+07,1
chr3,12000001,EnSpm-N49,1.4e+07,0
chr3,12000001,EnSpm-N49B,1.4e+07,0
chr3,12000001,EnSpm-N49/N49B,1.4e+07,0
chr3,14000001,EnSpm-N49,1.6e+07,0
chr3,14000001,EnSpm-N49B,1.6e+07,0
chr3,14000001,EnSpm-N49/N49B,1.6e+07,0
chr3,14000001,EnSpm-N49/N49B,1.6e+07,1
chr3,16000001,EnSpm-N49,1.8e+07,0
chr3,16000001,EnSpm-N49B,1.8e+07,0
chr3,16000001,EnSpm-N49/N49B,1.8e+07,0
chr3,18000001,EnSpm-N49,2e+07,0
chr3,18000001,EnSpm-N49B,2e+07,0
chr3,18000001,EnSpm-N49/N49B,2e+07,0
chr3,20000001,EnSpm-N49,2.2e+07,0
chr3,20000001,EnSpm-N49B,2.2e+07,0
chr3,20000001,EnSpm-N49/N49B,2.2e+07,0
chr3,20000001,EnSpm-N49/N49B,2.2e+07,1
chr3,22000001,EnSpm-N49,2.4e+07,0
chr3,22000001,EnSpm-N49B,2.4e+07,0
chr3,22000001,EnSpm-N49/N49B,2.4e+07,0
chr3,24000001,EnSpm-N49,2.6e+07,0
chr3,24000001,EnSpm-N49B,2.6e+07,0
chr3,24000001,EnSpm-N49/N49B,2.6e+07,0
chr3,24000001,EnSpm-N49/N49B,2.6e+07,2
chr3,26000001,EnSpm-N49,2.8e+07,0
chr3,26000001,EnSpm-N49B,2.8e+07,0
chr3,26000001,EnSpm-N49/N49B,2.8e+07,0
chr3,28000001,EnSpm-N49,3e+07,0
chr3,28000001,EnSpm-N49B,3e+07,0
chr3,28000001,EnSpm-N49/N49B,3e+07,0
chr3,30000001,EnSpm-N49,3.2e+07,0
chr3,30000001,EnSpm-N49B,3.2e+07,0
chr3,30000001,EnSpm-N49/N49B,3.2e+07,0
chr3,32000001,EnSpm-N49,3.4e+07,0
chr3,32000001,EnSpm-N49B,3.4e+07,0
chr3,32000001,EnSpm-N49/N49B,3.4e+07,0
chr3,34000001,EnSpm-N49,3.6e+07,0
chr3,34000001,EnSpm-N49B,3.6e+07,0
chr3,34000001,EnSpm-N49/N49B,3.6e+07,0
chr3,36000001,EnSpm-N49,3.8e+07,0
chr3,36000001,EnSpm-N49B,3.8e+07,0
chr3,36000001,EnSpm-N49/N49B,3.8e+07,0
chr3,36000001,EnSpm-N49/N49B,3.8e+07,1
chr3,38000001,EnSpm-N49,4e+07,0
chr3,38000001,EnSpm-N49B,4e+07,0
chr3,38000001,EnSpm-N49/N49B,4e+07,0
chr3,40000001,EnSpm-N49,4.2e+07,0
chr3,40000001,EnSpm-N49B,4.2e+07,0
chr3,40000001,EnSpm-N49/N49B,4.2e+07,0
chr3,42000001,EnSpm-N49,4.4e+07,0
chr3,42000001,EnSpm-N49B,4.4e+07,0
chr3,42000001,EnSpm-N49/N49B,4.4e+07,0
chr3,44000001,EnSpm-N49,4.6e+07,0
chr3,44000001,EnSpm-N49B,4.6e+07,0
chr3,44000001,EnSpm-N49/N49B,4.6e+07,0
chr3,46000001,EnSpm-N49,4.8e+07,0
chr3,46000001,EnSpm-N49B,4.8e+07,0
chr3,46000001,EnSpm-N49/N49B,4.8e+07,0
chr3,48000001,EnSpm-N49,5e+07,0
chr3,48000001,EnSpm-N49B,5e+07,0
chr3,48000001,EnSpm-N49/N49B,5e+07,0
chr3,50000001,EnSpm-N49,5.2e+07,0
chr3,50000001,EnSpm-N49B,5.2e+07,0
chr3,50000001,EnSpm-N49/N49B,5.2e+07,0
chr3,50000001,EnSpm-N49/N49B,5.2e+07,1
chr3,52000001,EnSpm-N49,5.4e+07,0
chr3,52000001,EnSpm-N49B,5.4e+07,0
chr3,52000001,EnSpm-N49/N49B,5.4e+07,0
chr3,54000001,EnSpm-N49,5.6e+07,0
chr3,54000001,EnSpm-N49B,5.6e+07,0
chr3,54000001,EnSpm-N49/N49B,5.6e+07,0
chr3,56000001,EnSpm-N49,5.8e+07,0
chr3,56000001,EnSpm-N49B,5.8e+07,0
chr3,56000001,EnSpm-N49/N49B,5.8e+07,0
chr3,58000001,EnSpm-N49,6e+07,0
chr3,58000001,EnSpm-N49B,6e+07,0
chr3,58000001,EnSpm-N49/N49B,6e+07,0
chr3,60000001,EnSpm-N49,6.2e+07,0
chr3,60000001,EnSpm-N49B,6.2e+07,0
chr3,60000001,EnSpm-N49/N49B,6.2e+07,0
chr3,62000001,EnSpm-N49,6.4e+07,0
chr3,62000001,EnSpm-N49B,6.4e+07,0
chr3,62000001,EnSpm-N49/N49B,6.4e+07,0
chr3,64000001,EnSpm-N49,6.6e+07,0
chr3,64000001,EnSpm-N49B,6.6e+07,0
chr3,64000001,EnSpm-N49/N49B,6.6e+07,0
chr3,66000001,EnSpm-N49,6.8e+07,0
chr3,66000001,EnSpm-N49B,6.8e+07,0
chr3,66000001,EnSpm-N49/N49B,6.8e+07,0
chr4,1,EnSpm-N49,2e+06,0
chr4,1,EnSpm-N49B,2e+06,0
chr4,1,EnSpm-N49/N49B,2e+06,0
chr4,2000001,EnSpm-N49,4e+06,0
chr4,2000001,EnSpm-N49B,4e+06,0
chr4,2000001,EnSpm-N49/N49B,4e+06,0
chr4,4000001,EnSpm-N49,6e+06,0
chr4,4000001,EnSpm-N49B,6e+06,0
chr4,4000001,EnSpm-N49/N49B,6e+06,0
chr4,6000001,EnSpm-N49,8e+06,0
chr4,6000001,EnSpm-N49B,8e+06,0
chr4,6000001,EnSpm-N49/N49B,8e+06,0
chr4,8000001,EnSpm-N49,1e+07,0
chr4,8000001,EnSpm-N49B,1e+07,0
chr4,8000001,EnSpm-N49/N49B,1e+07,0
chr4,10000001,EnSpm-N49,1.2e+07,0
chr4,10000001,EnSpm-N49B,1.2e+07,0
chr4,10000001,EnSpm-N49/N49B,1.2e+07,0
chr4,10000001,EnSpm-N49/N49B,1.2e+07,1
chr4,12000001,EnSpm-N49,1.4e+07,0
chr4,12000001,EnSpm-N49B,1.4e+07,0
chr4,12000001,EnSpm-N49/N49B,1.4e+07,0
chr4,14000001,EnSpm-N49,1.6e+07,0
chr4,14000001,EnSpm-N49B,1.6e+07,0
chr4,14000001,EnSpm-N49/N49B,1.6e+07,0
chr4,16000001,EnSpm-N49,1.8e+07,0
chr4,16000001,EnSpm-N49B,1.8e+07,0
chr4,16000001,EnSpm-N49/N49B,1.8e+07,0
chr4,18000001,EnSpm-N49,2e+07,0
chr4,18000001,EnSpm-N49B,2e+07,0
chr4,18000001,EnSpm-N49/N49B,2e+07,0
chr4,20000001,EnSpm-N49,2.2e+07,0
chr4,20000001,EnSpm-N49B,2.2e+07,0
chr4,20000001,EnSpm-N49/N49B,2.2e+07,0
chr4,22000001,EnSpm-N49,2.4e+07,0
chr4,22000001,EnSpm-N49B,2.4e+07,0
chr4,22000001,EnSpm-N49/N49B,2.4e+07,0
chr4,24000001,EnSpm-N49,2.6e+07,0
chr4,24000001,EnSpm-N49B,2.6e+07,0
chr4,24000001,EnSpm-N49/N49B,2.6e+07,0
chr4,26000001,EnSpm-N49,2.8e+07,0
chr4,26000001,EnSpm-N49B,2.8e+07,0
chr4,26000001,EnSpm-N49/N49B,2.8e+07,0
chr4,28000001,EnSpm-N49,3e+07,0
chr4,28000001,EnSpm-N49B,3e+07,0
chr4,28000001,EnSpm-N49/N49B,3e+07,0
chr4,30000001,EnSpm-N49,3.2e+07,0
chr4,30000001,EnSpm-N49B,3.2e+07,0
chr4,30000001,EnSpm-N49/N49B,3.2e+07,0
chr4,32000001,EnSpm-N49,3.4e+07,0
chr4,32000001,EnSpm-N49B,3.4e+07,0
chr4,32000001,EnSpm-N49/N49B,3.4e+07,0
chr4,34000001,EnSpm-N49,3.6e+07,0
chr4,34000001,EnSpm-N49B,3.6e+07,0
chr4,34000001,EnSpm-N49/N49B,3.6e+07,0
chr4,36000001,EnSpm-N49,3.8e+07,0
chr4,36000001,EnSpm-N49B,3.8e+07,0
chr4,36000001,EnSpm-N49/N49B,3.8e+07,0
chr4,38000001,EnSpm-N49,4e+07,0
chr4,38000001,EnSpm-N49B,4e+07,0
chr4,38000001,EnSpm-N49/N49B,4e+07,0
chr4,40000001,EnSpm-N49,4.2e+07,0
chr4,40000001,EnSpm-N49B,4.2e+07,0
chr4,40000001,EnSpm-N49/N49B,4.2e+07,0
chr4,42000001,EnSpm-N49,4.4e+07,0
chr4,42000001,EnSpm-N49B,4.4e+07,0
chr4,42000001,EnSpm-N49/N49B,4.4e+07,0
chr4,44000001,EnSpm-N49,4.6e+07,0
chr4,44000001,EnSpm-N49B,4.6e+07,0
chr4,44000001,EnSpm-N49/N49B,4.6e+07,0
chr4,46000001,EnSpm-N49,4.8e+07,0
chr4,46000001,EnSpm-N49B,4.8e+07,0
chr4,46000001,EnSpm-N49/N49B,4.8e+07,0
chr4,48000001,EnSpm-N49,5e+07,0
chr4,48000001,EnSpm-N49B,5e+07,0
chr4,48000001,EnSpm-N49/N49B,5e+07,0
chr4,50000001,EnSpm-N49,5.2e+07,0
chr4,50000001,EnSpm-N49B,5.2e+07,0
chr4,50000001,EnSpm-N49/N49B,5.2e+07,0
chr4,52000001,EnSpm-N49,5.4e+07,0
chr4,52000001,EnSpm-N49B,5.4e+07,0
chr4,52000001,EnSpm-N49/N49B,5.4e+07,0
chr4,54000001,EnSpm-N49,5.6e+07,0
chr4,54000001,EnSpm-N49B,5.6e+07,0
chr4,54000001,EnSpm-N49/N49B,5.6e+07,0
chr4,56000001,EnSpm-N49,5.8e+07,0
chr4,56000001,EnSpm-N49B,5.8e+07,0
chr4,56000001,EnSpm-N49/N49B,5.8e+07,0
chr4,58000001,EnSpm-N49,6e+07,0
chr4,58000001,EnSpm-N49B,6e+07,0
chr4,58000001,EnSpm-N49/N49B,6e+07,0
chr4,60000001,EnSpm-N49,6.2e+07,0
chr4,60000001,EnSpm-N49B,6.2e+07,0
chr4,60000001,EnSpm-N49/N49B,6.2e+07,0
chr4,62000001,EnSpm-N49,6.4e+07,0
chr4,62000001,EnSpm-N49B,6.4e+07,0
chr4,62000001,EnSpm-N49/N49B,6.4e+07,0
chr4,64000001,EnSpm-N49,6.6e+07,0
chr4,64000001,EnSpm-N49B,6.6e+07,0
chr4,64000001,EnSpm-N49/N49B,6.6e+07,0
chr4,66000001,EnSpm-N49,6.8e+07,0
chr4,66000001,EnSpm-N49B,6.8e+07,0
chr4,66000001,EnSpm-N49/N49B,6.8e+07,0
chr5,1,EnSpm-N49,2e+06,0
chr5,1,EnSpm-N49B,2e+06,0
chr5,1,EnSpm-N49/N49B,2e+06,0
chr5,2000001,EnSpm-N49,4e+06,0
chr5,2000001,EnSpm-N49B,4e+06,0
chr5,2000001,EnSpm-N49/N49B,4e+06,0
chr5,4000001,EnSpm-N49,6e+06,0
chr5,4000001,EnSpm-N49B,6e+06,0
chr5,4000001,EnSpm-N49/N49B,6e+06,0
chr5,6000001,EnSpm-N49,8e+06,0
chr5,6000001,EnSpm-N49B,8e+06,0
chr5,6000001,EnSpm-N49/N49B,8e+06,0
chr5,8000001,EnSpm-N49,1e+07,0
chr5,8000001,EnSpm-N49B,1e+07,0
chr5,8000001,EnSpm-N49/N49B,1e+07,0
chr5,10000001,EnSpm-N49,1.2e+07,0
chr5,10000001,EnSpm-N49B,1.2e+07,0
chr5,10000001,EnSpm-N49/N49B,1.2e+07,0
chr5,12000001,EnSpm-N49,1.4e+07,0
chr5,12000001,EnSpm-N49B,1.4e+07,0
chr5,12000001,EnSpm-N49/N49B,1.4e+07,0
chr5,14000001,EnSpm-N49,1.6e+07,0
chr5,14000001,EnSpm-N49B,1.6e+07,0
chr5,14000001,EnSpm-N49/N49B,1.6e+07,0
chr5,16000001,EnSpm-N49,1.8e+07,0
chr5,16000001,EnSpm-N49B,1.8e+07,0
chr5,16000001,EnSpm-N49/N49B,1.8e+07,0
chr5,18000001,EnSpm-N49,2e+07,0
chr5,18000001,EnSpm-N49B,2e+07,0
chr5,18000001,EnSpm-N49/N49B,2e+07,0
chr5,20000001,EnSpm-N49,2.2e+07,0
chr5,20000001,EnSpm-N49B,2.2e+07,0
chr5,20000001,EnSpm-N49/N49B,2.2e+07,0
chr5,20000001,EnSpm-N49/N49B,2.2e+07,1
chr5,22000001,EnSpm-N49,2.4e+07,0
chr5,22000001,EnSpm-N49B,2.4e+07,0
chr5,22000001,EnSpm-N49/N49B,2.4e+07,0
chr5,24000001,EnSpm-N49,2.6e+07,0
chr5,24000001,EnSpm-N49B,2.6e+07,0
chr5,24000001,EnSpm-N49/N49B,2.6e+07,0
chr5,26000001,EnSpm-N49,2.8e+07,0
chr5,26000001,EnSpm-N49B,2.8e+07,0
chr5,26000001,EnSpm-N49/N49B,2.8e+07,0
chr5,28000001,EnSpm-N49,3e+07,0
chr5,28000001,EnSpm-N49B,3e+07,0
chr5,28000001,EnSpm-N49/N49B,3e+07,0
chr5,30000001,EnSpm-N49,3.2e+07,0
chr5,30000001,EnSpm-N49B,3.2e+07,0
chr5,30000001,EnSpm-N49/N49B,3.2e+07,0
chr5,32000001,EnSpm-N49,3.4e+07,0
chr5,32000001,EnSpm-N49B,3.4e+07,0
chr5,32000001,EnSpm-N49/N49B,3.4e+07,0
chr5,32000001,EnSpm-N49,3.4e+07,1
chr5,34000001,EnSpm-N49,3.6e+07,0
chr5,34000001,EnSpm-N49B,3.6e+07,0
chr5,34000001,EnSpm-N49/N49B,3.6e+07,0
chr5,36000001,EnSpm-N49,3.8e+07,0
chr5,36000001,EnSpm-N49B,3.8e+07,0
chr5,36000001,EnSpm-N49/N49B,3.8e+07,0
chr5,38000001,EnSpm-N49,4e+07,0
chr5,38000001,EnSpm-N49B,4e+07,0
chr5,38000001,EnSpm-N49/N49B,4e+07,0
chr5,38000001,EnSpm-N49/N49B,4e+07,1
chr5,40000001,EnSpm-N49,4.2e+07,0
chr5,40000001,EnSpm-N49B,4.2e+07,0
chr5,40000001,EnSpm-N49/N49B,4.2e+07,0
chr5,42000001,EnSpm-N49,4.4e+07,0
chr5,42000001,EnSpm-N49B,4.4e+07,0
chr5,42000001,EnSpm-N49/N49B,4.4e+07,0
chr5,44000001,EnSpm-N49,4.6e+07,0
chr5,44000001,EnSpm-N49B,4.6e+07,0
chr5,44000001,EnSpm-N49/N49B,4.6e+07,0
chr5,46000001,EnSpm-N49,4.8e+07,0
chr5,46000001,EnSpm-N49B,4.8e+07,0
chr5,46000001,EnSpm-N49/N49B,4.8e+07,0
chr5,48000001,EnSpm-N49,5e+07,0
chr5,48000001,EnSpm-N49B,5e+07,0
chr5,48000001,EnSpm-N49/N49B,5e+07,0
chr5,50000001,EnSpm-N49,5.2e+07,0
chr5,50000001,EnSpm-N49B,5.2e+07,0
chr5,50000001,EnSpm-N49/N49B,5.2e+07,0
chr5,52000001,EnSpm-N49,5.4e+07,0
chr5,52000001,EnSpm-N49B,5.4e+07,0
chr5,52000001,EnSpm-N49/N49B,5.4e+07,0
chr5,54000001,EnSpm-N49,5.6e+07,0
chr5,54000001,EnSpm-N49B,5.6e+07,0
chr5,54000001,EnSpm-N49/N49B,5.6e+07,0
chr5,56000001,EnSpm-N49,5.8e+07,0
chr5,56000001,EnSpm-N49B,5.8e+07,0
chr5,56000001,EnSpm-N49/N49B,5.8e+07,0
chr5,58000001,EnSpm-N49,6e+07,0
chr5,58000001,EnSpm-N49B,6e+07,0
chr5,58000001,EnSpm-N49/N49B,6e+07,0
chr5,60000001,EnSpm-N49,6.2e+07,0
chr5,60000001,EnSpm-N49B,6.2e+07,0
chr5,60000001,EnSpm-N49/N49B,6.2e+07,0
chr5,62000001,EnSpm-N49,6.4e+07,0
chr5,62000001,EnSpm-N49B,6.4e+07,0
chr5,62000001,EnSpm-N49/N49B,6.4e+07,0
chr5,64000001,EnSpm-N49,6.6e+07,0
chr5,64000001,EnSpm-N49B,6.6e+07,0
chr5,64000001,EnSpm-N49/N49B,6.6e+07,0
chr5,66000001,EnSpm-N49,6.8e+07,0
chr5,66000001,EnSpm-N49B,6.8e+07,0
chr5,66000001,EnSpm-N49/N49B,6.8e+07,0
chr6,1,EnSpm-N49,2e+06,0
chr6,1,EnSpm-N49B,2e+06,0
chr6,1,EnSpm-N49/N49B,2e+06,0
chr6,2000001,EnSpm-N49,4e+06,0
chr6,2000001,EnSpm-N49B,4e+06,0
chr6,2000001,EnSpm-N49/N49B,4e+06,0
chr6,4000001,EnSpm-N49,6e+06,0
chr6,4000001,EnSpm-N49B,6e+06,0
chr6,4000001,EnSpm-N49/N49B,6e+06,0
chr6,6000001,EnSpm-N49,8e+06,0
chr6,6000001,EnSpm-N49B,8e+06,0
chr6,6000001,EnSpm-N49/N49B,8e+06,0
chr6,8000001,EnSpm-N49,1e+07,0
chr6,8000001,EnSpm-N49B,1e+07,0
chr6,8000001,EnSpm-N49/N49B,1e+07,0
chr6,10000001,EnSpm-N49,1.2e+07,0
chr6,10000001,EnSpm-N49B,1.2e+07,0
chr6,10000001,EnSpm-N49/N49B,1.2e+07,0
chr6,12000001,EnSpm-N49,1.4e+07,0
chr6,12000001,EnSpm-N49B,1.4e+07,0
chr6,12000001,EnSpm-N49/N49B,1.4e+07,0
chr6,14000001,EnSpm-N49,1.6e+07,0
chr6,14000001,EnSpm-N49B,1.6e+07,0
chr6,14000001,EnSpm-N49/N49B,1.6e+07,0
chr6,16000001,EnSpm-N49,1.8e+07,0
chr6,16000001,EnSpm-N49B,1.8e+07,0
chr6,16000001,EnSpm-N49/N49B,1.8e+07,0
chr6,18000001,EnSpm-N49,2e+07,0
chr6,18000001,EnSpm-N49B,2e+07,0
chr6,18000001,EnSpm-N49/N49B,2e+07,0
chr6,18000001,EnSpm-N49/N49B,2e+07,1
chr6,20000001,EnSpm-N49,2.2e+07,0
chr6,20000001,EnSpm-N49B,2.2e+07,0
chr6,20000001,EnSpm-N49/N49B,2.2e+07,0
chr6,22000001,EnSpm-N49,2.4e+07,0
chr6,22000001,EnSpm-N49B,2.4e+07,0
chr6,22000001,EnSpm-N49/N49B,2.4e+07,0
chr6,24000001,EnSpm-N49,2.6e+07,0
chr6,24000001,EnSpm-N49B,2.6e+07,0
chr6,24000001,EnSpm-N49/N49B,2.6e+07,0
chr6,26000001,EnSpm-N49,2.8e+07,0
chr6,26000001,EnSpm-N49B,2.8e+07,0
chr6,26000001,EnSpm-N49/N49B,2.8e+07,0
chr6,28000001,EnSpm-N49,3e+07,0
chr6,28000001,EnSpm-N49B,3e+07,0
chr6,28000001,EnSpm-N49/N49B,3e+07,0
chr6,30000001,EnSpm-N49,3.2e+07,0
chr6,30000001,EnSpm-N49B,3.2e+07,0
chr6,30000001,EnSpm-N49/N49B,3.2e+07,0
chr6,32000001,EnSpm-N49,3.4e+07,0
chr6,32000001,EnSpm-N49B,3.4e+07,0
chr6,32000001,EnSpm-N49/N49B,3.4e+07,0
chr6,34000001,EnSpm-N49,3.6e+07,0
chr6,34000001,EnSpm-N49B,3.6e+07,0
chr6,34000001,EnSpm-N49/N49B,3.6e+07,0
chr6,36000001,EnSpm-N49,3.8e+07,0
chr6,36000001,EnSpm-N49B,3.8e+07,0
chr6,36000001,EnSpm-N49/N49B,3.8e+07,0
chr6,38000001,EnSpm-N49,4e+07,0
chr6,38000001,EnSpm-N49B,4e+07,0
chr6,38000001,EnSpm-N49/N49B,4e+07,0
chr6,38000001,EnSpm-N49/N49B,4e+07,1
chr6,40000001,EnSpm-N49,4.2e+07,0
chr6,40000001,EnSpm-N49B,4.2e+07,0
chr6,40000001,EnSpm-N49/N49B,4.2e+07,0
chr6,42000001,EnSpm-N49,4.4e+07,0
chr6,42000001,EnSpm-N49B,4.4e+07,0
chr6,42000001,EnSpm-N49/N49B,4.4e+07,0
chr6,44000001,EnSpm-N49,4.6e+07,0
chr6,44000001,EnSpm-N49B,4.6e+07,0
chr6,44000001,EnSpm-N49/N49B,4.6e+07,0
chr6,46000001,EnSpm-N49,4.8e+07,0
chr6,46000001,EnSpm-N49B,4.8e+07,0
chr6,46000001,EnSpm-N49/N49B,4.8e+07,0
chr6,48000001,EnSpm-N49,5e+07,0
chr6,48000001,EnSpm-N49B,5e+07,0
chr6,48000001,EnSpm-N49/N49B,5e+07,0
chr6,50000001,EnSpm-N49,5.2e+07,0
chr6,50000001,EnSpm-N49B,5.2e+07,0
chr6,50000001,EnSpm-N49/N49B,5.2e+07,0
chr6,52000001,EnSpm-N49,5.4e+07,0
chr6,52000001,EnSpm-N49B,5.4e+07,0
chr6,52000001,EnSpm-N49/N49B,5.4e+07,0
chr6,54000001,EnSpm-N49,5.6e+07,0
chr6,54000001,EnSpm-N49B,5.6e+07,0
chr6,54000001,EnSpm-N49/N49B,5.6e+07,0
chr6,56000001,EnSpm-N49,5.8e+07,0
chr6,56000001,EnSpm-N49B,5.8e+07,0
chr6,56000001,EnSpm-N49/N49B,5.8e+07,0
chr6,58000001,EnSpm-N49,6e+07,0
chr6,58000001,EnSpm-N49B,6e+07,0
chr6,58000001,EnSpm-N49/N49B,6e+07,0
chr6,60000001,EnSpm-N49,6.2e+07,0
chr6,60000001,EnSpm-N49B,6.2e+07,0
chr6,60000001,EnSpm-N49/N49B,6.2e+07,0
chr6,62000001,EnSpm-N49,6.4e+07,0
chr6,62000001,EnSpm-N49B,6.4e+07,0
chr6,62000001,EnSpm-N49/N49B,6.4e+07,0
chr6,64000001,EnSpm-N49,6.6e+07,0
chr6,64000001,EnSpm-N49B,6.6e+07,0
chr6,64000001,EnSpm-N49/N49B,6.6e+07,0
chr6,66000001,EnSpm-N49,6.8e+07,0
chr6,66000001,EnSpm-N49B,6.8e+07,0
chr6,66000001,EnSpm-N49/N49B,6.8e+07,0
chr7,1,EnSpm-N49,2e+06,0
chr7,1,EnSpm-N49B,2e+06,0
chr7,1,EnSpm-N49/N49B,2e+06,0
chr7,2000001,EnSpm-N49,4e+06,0
chr7,2000001,EnSpm-N49B,4e+06,0
chr7,2000001,EnSpm-N49/N49B,4e+06,0
chr7,4000001,EnSpm-N49,6e+06,0
chr7,4000001,EnSpm-N49B,6e+06,0
chr7,4000001,EnSpm-N49/N49B,6e+06,0
chr7,6000001,EnSpm-N49,8e+06,0
chr7,6000001,EnSpm-N49B,8e+06,0
chr7,6000001,EnSpm-N49/N49B,8e+06,0
chr7,8000001,EnSpm-N49,1e+07,0
chr7,8000001,EnSpm-N49B,1e+07,0
chr7,8000001,EnSpm-N49/N49B,1e+07,0
chr7,10000001,EnSpm-N49,1.2e+07,0
chr7,10000001,EnSpm-N49B,1.2e+07,0
chr7,10000001,EnSpm-N49/N49B,1.2e+07,0
chr7,12000001,EnSpm-N49,1.4e+07,0
chr7,12000001,EnSpm-N49B,1.4e+07,0
chr7,12000001,EnSpm-N49/N49B,1.4e+07,0
chr7,14000001,EnSpm-N49,1.6e+07,0
chr7,14000001,EnSpm-N49B,1.6e+07,0
chr7,14000001,EnSpm-N49/N49B,1.6e+07,0
chr7,16000001,EnSpm-N49,1.8e+07,0
chr7,16000001,EnSpm-N49B,1.8e+07,0
chr7,16000001,EnSpm-N49/N49B,1.8e+07,0
chr7,18000001,EnSpm-N49,2e+07,0
chr7,18000001,EnSpm-N49B,2e+07,0
chr7,18000001,EnSpm-N49/N49B,2e+07,0
chr7,20000001,EnSpm-N49,2.2e+07,0
chr7,20000001,EnSpm-N49B,2.2e+07,0
chr7,20000001,EnSpm-N49/N49B,2.2e+07,0
chr7,20000001,EnSpm-N49/N49B,2.2e+07,1
chr7,22000001,EnSpm-N49,2.4e+07,0
chr7,22000001,EnSpm-N49B,2.4e+07,0
chr7,22000001,EnSpm-N49/N49B,2.4e+07,0
chr7,24000001,EnSpm-N49,2.6e+07,0
chr7,24000001,EnSpm-N49B,2.6e+07,0
chr7,24000001,EnSpm-N49/N49B,2.6e+07,0
chr7,26000001,EnSpm-N49,2.8e+07,0
chr7,26000001,EnSpm-N49B,2.8e+07,0
chr7,26000001,EnSpm-N49/N49B,2.8e+07,0
chr7,28000001,EnSpm-N49,3e+07,0
chr7,28000001,EnSpm-N49B,3e+07,0
chr7,28000001,EnSpm-N49/N49B,3e+07,0
chr7,30000001,EnSpm-N49,3.2e+07,0
chr7,30000001,EnSpm-N49B,3.2e+07,0
chr7,30000001,EnSpm-N49/N49B,3.2e+07,0
chr7,32000001,EnSpm-N49,3.4e+07,0
chr7,32000001,EnSpm-N49B,3.4e+07,0
chr7,32000001,EnSpm-N49/N49B,3.4e+07,0
chr7,34000001,EnSpm-N49,3.6e+07,0
chr7,34000001,EnSpm-N49B,3.6e+07,0
chr7,34000001,EnSpm-N49/N49B,3.6e+07,0
chr7,36000001,EnSpm-N49,3.8e+07,0
chr7,36000001,EnSpm-N49B,3.8e+07,0
chr7,36000001,EnSpm-N49/N49B,3.8e+07,0
chr7,38000001,EnSpm-N49,4e+07,0
chr7,38000001,EnSpm-N49B,4e+07,0
chr7,38000001,EnSpm-N49/N49B,4e+07,0
chr7,38000001,EnSpm-N49/N49B,4e+07,1
chr7,40000001,EnSpm-N49,4.2e+07,0
chr7,40000001,EnSpm-N49B,4.2e+07,0
chr7,40000001,EnSpm-N49/N49B,4.2e+07,0
chr7,42000001,EnSpm-N49,4.4e+07,0
chr7,42000001,EnSpm-N49B,4.4e+07,0
chr7,42000001,EnSpm-N49/N49B,4.4e+07,0
chr7,44000001,EnSpm-N49,4.6e+07,0
chr7,44000001,EnSpm-N49B,4.6e+07,0
chr7,44000001,EnSpm-N49/N49B,4.6e+07,0
chr7,46000001,EnSpm-N49,4.8e+07,0
chr7,46000001,EnSpm-N49B,4.8e+07,0
chr7,46000001,EnSpm-N49/N49B,4.8e+07,0
chr7,48000001,EnSpm-N49,5e+07,0
chr7,48000001,EnSpm-N49B,5e+07,0
chr7,48000001,EnSpm-N49/N49B,5e+07,0
chr7,50000001,EnSpm-N49,5.2e+07,0
chr7,50000001,EnSpm-N49B,5.2e+07,0
chr7,50000001,EnSpm-N49/N49B,5.2e+07,0
chr7,52000001,EnSpm-N49,5.4e+07,0
chr7,52000001,EnSpm-N49B,5.4e+07,0
chr7,52000001,EnSpm-N49/N49B,5.4e+07,0
chr7,54000001,EnSpm-N49,5.6e+07,0
chr7,54000001,EnSpm-N49B,5.6e+07,0
chr7,54000001,EnSpm-N49/N49B,5.6e+07,0
chr7,56000001,EnSpm-N49,5.8e+07,0
chr7,56000001,EnSpm-N49B,5.8e+07,0
chr7,56000001,EnSpm-N49/N49B,5.8e+07,0
chr7,56000001,EnSpm-N49/N49B,5.8e+07,1
chr7,58000001,EnSpm-N49,6e+07,0
chr7,58000001,EnSpm-N49B,6e+07,0
chr7,58000001,EnSpm-N49/N49B,6e+07,0
chr7,60000001,EnSpm-N49,6.2e+07,0
chr7,60000001,EnSpm-N49B,6.2e+07,0
chr7,60000001,EnSpm-N49/N49B,6.2e+07,0
chr7,62000001,EnSpm-N49,6.4e+07,0
chr7,62000001,EnSpm-N49B,6.4e+07,0
chr7,62000001,EnSpm-N49/N49B,6.4e+07,0
chr7,64000001,EnSpm-N49,6.6e+07,0
chr7,64000001,EnSpm-N49B,6.6e+07,0
chr7,64000001,EnSpm-N49/N49B,6.6e+07,0
chr7,66000001,EnSpm-N49,6.8e+07,0
chr7,66000001,EnSpm-N49B,6.8e+07,0
chr7,66000001,EnSpm-N49/N49B,6.8e+07,0
chr8,1,EnSpm-N49,2e+06,0
chr8,1,EnSpm-N49B,2e+06,0
chr8,1,EnSpm-N49/N49B,2e+06,0
chr8,2000001,EnSpm-N49,4e+06,0
chr8,2000001,EnSpm-N49B,4e+06,0
chr8,2000001,EnSpm-N49/N49B,4e+06,0
chr8,4000001,EnSpm-N49,6e+06,0
chr8,4000001,EnSpm-N49B,6e+06,0
chr8,4000001,EnSpm-N49/N49B,6e+06,0
chr8,4000001,EnSpm-N49/N49B,6e+06,1
chr8,6000001,EnSpm-N49,8e+06,0
chr8,6000001,EnSpm-N49B,8e+06,0
chr8,6000001,EnSpm-N49/N49B,8e+06,0
chr8,8000001,EnSpm-N49,1e+07,0
chr8,8000001,EnSpm-N49B,1e+07,0
chr8,8000001,EnSpm-N49/N49B,1e+07,0
chr8,10000001,EnSpm-N49,1.2e+07,0
chr8,10000001,EnSpm-N49B,1.2e+07,0
chr8,10000001,EnSpm-N49/N49B,1.2e+07,0
chr8,12000001,EnSpm-N49,1.4e+07,0
chr8,12000001,EnSpm-N49B,1.4e+07,0
chr8,12000001,EnSpm-N49/N49B,1.4e+07,0
chr8,14000001,EnSpm-N49,1.6e+07,0
chr8,14000001,EnSpm-N49B,1.6e+07,0
chr8,14000001,EnSpm-N49/N49B,1.6e+07,0
chr8,16000001,EnSpm-N49,1.8e+07,0
chr8,16000001,EnSpm-N49B,1.8e+07,0
chr8,16000001,EnSpm-N49/N49B,1.8e+07,0
chr8,18000001,EnSpm-N49,2e+07,0
chr8,18000001,EnSpm-N49B,2e+07,0
chr8,18000001,EnSpm-N49/N49B,2e+07,0
chr8,20000001,EnSpm-N49,2.2e+07,0
chr8,20000001,EnSpm-N49B,2.2e+07,0
chr8,20000001,EnSpm-N49/N49B,2.2e+07,0
chr8,22000001,EnSpm-N49,2.4e+07,0
chr8,22000001,EnSpm-N49B,2.4e+07,0
chr8,22000001,EnSpm-N49/N49B,2.4e+07,0
chr8,24000001,EnSpm-N49,2.6e+07,0
chr8,24000001,EnSpm-N49B,2.6e+07,0
chr8,24000001,EnSpm-N49/N49B,2.6e+07,0
chr8,26000001,EnSpm-N49,2.8e+07,0
chr8,26000001,EnSpm-N49B,2.8e+07,0
chr8,26000001,EnSpm-N49/N49B,2.8e+07,0
chr8,28000001,EnSpm-N49,3e+07,0
chr8,28000001,EnSpm-N49B,3e+07,0
chr8,28000001,EnSpm-N49/N49B,3e+07,0
chr8,30000001,EnSpm-N49,3.2e+07,0
chr8,30000001,EnSpm-N49B,3.2e+07,0
chr8,30000001,EnSpm-N49/N49B,3.2e+07,0
chr8,32000001,EnSpm-N49,3.4e+07,0
chr8,32000001,EnSpm-N49B,3.4e+07,0
chr8,32000001,EnSpm-N49/N49B,3.4e+07,0
chr8,32000001,EnSpm-N49/N49B,3.4e+07,1
chr8,34000001,EnSpm-N49,3.6e+07,0
chr8,34000001,EnSpm-N49B,3.6e+07,0
chr8,34000001,EnSpm-N49/N49B,3.6e+07,0
chr8,36000001,EnSpm-N49,3.8e+07,0
chr8,36000001,EnSpm-N49B,3.8e+07,0
chr8,36000001,EnSpm-N49/N49B,3.8e+07,0
chr8,38000001,EnSpm-N49,4e+07,0
chr8,38000001,EnSpm-N49B,4e+07,0
chr8,38000001,EnSpm-N49/N49B,4e+07,0
chr8,40000001,EnSpm-N49,4.2e+07,0
chr8,40000001,EnSpm-N49B,4.2e+07,0
chr8,40000001,EnSpm-N49/N49B,4.2e+07,0
chr8,42000001,EnSpm-N49,4.4e+07,0
chr8,42000001,EnSpm-N49B,4.4e+07,0
chr8,42000001,EnSpm-N49/N49B,4.4e+07,0
chr8,44000001,EnSpm-N49,4.6e+07,0
chr8,44000001,EnSpm-N49B,4.6e+07,0
chr8,44000001,EnSpm-N49/N49B,4.6e+07,0
chr8,46000001,EnSpm-N49,4.8e+07,0
chr8,46000001,EnSpm-N49B,4.8e+07,0
chr8,46000001,EnSpm-N49/N49B,4.8e+07,0
chr8,48000001,EnSpm-N49,5e+07,0
chr8,48000001,EnSpm-N49B,5e+07,0
chr8,48000001,EnSpm-N49/N49B,5e+07,0
chr8,50000001,EnSpm-N49,5.2e+07,0
chr8,50000001,EnSpm-N49B,5.2e+07,0
chr8,50000001,EnSpm-N49/N49B,5.2e+07,0
chr8,52000001,EnSpm-N49,5.4e+07,0
chr8,52000001,EnSpm-N49B,5.4e+07,0
chr8,52000001,EnSpm-N49/N49B,5.4e+07,0
chr8,54000001,EnSpm-N49,5.6e+07,0
chr8,54000001,EnSpm-N49B,5.6e+07,0
chr8,54000001,EnSpm-N49/N49B,5.6e+07,0
chr8,56000001,EnSpm-N49,5.8e+07,0
chr8,56000001,EnSpm-N49B,5.8e+07,0
chr8,56000001,EnSpm-N49/N49B,5.8e+07,0
chr8,58000001,EnSpm-N49,6e+07,0
chr8,58000001,EnSpm-N49B,6e+07,0
chr8,58000001,EnSpm-N49/N49B,6e+07,0
chr8,60000001,EnSpm-N49,6.2e+07,0
chr8,60000001,EnSpm-N49B,6.2e+07,0
chr8,60000001,EnSpm-N49/N49B,6.2e+07,0
chr8,62000001,EnSpm-N49,6.4e+07,0
chr8,62000001,EnSpm-N49B,6.4e+07,0
chr8,62000001,EnSpm-N49/N49B,6.4e+07,0
chr8,64000001,EnSpm-N49,6.6e+07,0
chr8,64000001,EnSpm-N49B,6.6e+07,0
chr8,64000001,EnSpm-N49/N49B,6.6e+07,0
chr8,66000001,EnSpm-N49,6.8e+07,0
chr8,66000001,EnSpm-N49B,6.8e+07,0
chr8,66000001,EnSpm-N49/N49B,6.8e+07,0
chr9,1,EnSpm-N49,2e+06,0
chr9,1,EnSpm-N49B,2e+06,0
chr9,1,EnSpm-N49/N49B,2e+06,0
chr9,2000001,EnSpm-N49,4e+06,0
chr9,2000001,EnSpm-N49B,4e+06,0
chr9,2000001,EnSpm-N49/N49B,4e+06,0
chr9,4000001,EnSpm-N49,6e+06,0
chr9,4000001,EnSpm-N49B,6e+06,0
chr9,4000001,EnSpm-N49/N49B,6e+06,0
chr9,6000001,EnSpm-N49,8e+06,0
chr9,6000001,EnSpm-N49B,8e+06,0
chr9,6000001,EnSpm-N49/N49B,8e+06,0
chr9,6000001,EnSpm-N49/N49B,8e+06,1
chr9,8000001,EnSpm-N49,1e+07,0
chr9,8000001,EnSpm-N49B,1e+07,0
chr9,8000001,EnSpm-N49/N49B,1e+07,0
chr9,10000001,EnSpm-N49,1.2e+07,0
chr9,10000001,EnSpm-N49B,1.2e+07,0
chr9,10000001,EnSpm-N49/N49B,1.2e+07,0
chr9,12000001,EnSpm-N49,1.4e+07,0
chr9,12000001,EnSpm-N49B,1.4e+07,0
chr9,12000001,EnSpm-N49/N49B,1.4e+07,0
chr9,14000001,EnSpm-N49,1.6e+07,0
chr9,14000001,EnSpm-N49B,1.6e+07,0
chr9,14000001,EnSpm-N49/N49B,1.6e+07,0
chr9,16000001,EnSpm-N49,1.8e+07,0
chr9,16000001,EnSpm-N49B,1.8e+07,0
chr9,16000001,EnSpm-N49/N49B,1.8e+07,0
chr9,18000001,EnSpm-N49,2e+07,0
chr9,18000001,EnSpm-N49B,2e+07,0
chr9,18000001,EnSpm-N49/N49B,2e+07,0
chr9,20000001,EnSpm-N49,2.2e+07,0
chr9,20000001,EnSpm-N49B,2.2e+07,0
chr9,20000001,EnSpm-N49/N49B,2.2e+07,0
chr9,22000001,EnSpm-N49,2.4e+07,0
chr9,22000001,EnSpm-N49B,2.4e+07,0
chr9,22000001,EnSpm-N49/N49B,2.4e+07,0
chr9,24000001,EnSpm-N49,2.6e+07,0
chr9,24000001,EnSpm-N49B,2.6e+07,0
chr9,24000001,EnSpm-N49/N49B,2.6e+07,0
chr9,26000001,EnSpm-N49,2.8e+07,0
chr9,26000001,EnSpm-N49B,2.8e+07,0
chr9,26000001,EnSpm-N49/N49B,2.8e+07,0
chr9,28000001,EnSpm-N49,3e+07,0
chr9,28000001,EnSpm-N49B,3e+07,0
chr9,28000001,EnSpm-N49/N49B,3e+07,0
chr9,30000001,EnSpm-N49,3.2e+07,0
chr9,30000001,EnSpm-N49B,3.2e+07,0
chr9,30000001,EnSpm-N49/N49B,3.2e+07,0
chr9,32000001,EnSpm-N49,3.4e+07,0
chr9,32000001,EnSpm-N49B,3.4e+07,0
chr9,32000001,EnSpm-N49/N49B,3.4e+07,0
chr9,34000001,EnSpm-N49,3.6e+07,0
chr9,34000001,EnSpm-N49B,3.6e+07,0
chr9,34000001,EnSpm-N49/N49B,3.6e+07,0
chr9,36000001,EnSpm-N49,3.8e+07,0
chr9,36000001,EnSpm-N49B,3.8e+07,0
chr9,36000001,EnSpm-N49/N49B,3.8e+07,0
chr9,38000001,EnSpm-N49,4e+07,0
chr9,38000001,EnSpm-N49B,4e+07,0
chr9,38000001,EnSpm-N49/N49B,4e+07,0
chr9,38000001,EnSpm-N49/N49B,4e+07,1
chr9,40000001,EnSpm-N49,4.2e+07,0
chr9,40000001,EnSpm-N49B,4.2e+07,0
chr9,40000001,EnSpm-N49/N49B,4.2e+07,0
chr9,40000001,EnSpm-N49/N49B,4.2e+07,1
chr9,42000001,EnSpm-N49,4.4e+07,0
chr9,42000001,EnSpm-N49B,4.4e+07,0
chr9,42000001,EnSpm-N49/N49B,4.4e+07,0
chr9,44000001,EnSpm-N49,4.6e+07,0
chr9,44000001,EnSpm-N49B,4.6e+07,0
chr9,44000001,EnSpm-N49/N49B,4.6e+07,0
chr9,46000001,EnSpm-N49,4.8e+07,0
chr9,46000001,EnSpm-N49B,4.8e+07,0
chr9,46000001,EnSpm-N49/N49B,4.8e+07,0
chr9,48000001,EnSpm-N49,5e+07,0
chr9,48000001,EnSpm-N49B,5e+07,0
chr9,48000001,EnSpm-N49/N49B,5e+07,0
chr9,50000001,EnSpm-N49,5.2e+07,0
chr9,50000001,EnSpm-N49B,5.2e+07,0
chr9,50000001,EnSpm-N49/N49B,5.2e+07,0
chr9,52000001,EnSpm-N49,5.4e+07,0
chr9,52000001,EnSpm-N49B,5.4e+07,0
chr9,52000001,EnSpm-N49/N49B,5.4e+07,0
chr9,54000001,EnSpm-N49,5.6e+07,0
chr9,54000001,EnSpm-N49B,5.6e+07,0
chr9,54000001,EnSpm-N49/N49B,5.6e+07,0
chr9,56000001,EnSpm-N49,5.8e+07,0
chr9,56000001,EnSpm-N49B,5.8e+07,0
chr9,56000001,EnSpm-N49/N49B,5.8e+07,0
chr9,58000001,EnSpm-N49,6e+07,0
chr9,58000001,EnSpm-N49B,6e+07,0
chr9,58000001,EnSpm-N49/N49B,6e+07,0
chr9,60000001,EnSpm-N49,6.2e+07,0
chr9,60000001,EnSpm-N49B,6.2e+07,0
chr9,60000001,EnSpm-N49/N49B,6.2e+07,0
chr9,62000001,EnSpm-N49,6.4e+07,0
chr9,62000001,EnSpm-N49B,6.4e+07,0
chr9,62000001,EnSpm-N49/N49B,6.4e+07,0
chr9,64000001,EnSpm-N49,6.6e+07,0
chr9,64000001,EnSpm-N49B,6.6e+07,0
chr9,64000001,EnSpm-N49/N49B,6.6e+07,0
chr9,66000001,EnSpm-N49,6.8e+07,0
chr9,66000001,EnSpm-N49B,6.8e+07,0
chr9,66000001,EnSpm-N49/N49B,6.8e+07,0
chr10,1,EnSpm-N49,2e+06,0
chr10,1,EnSpm-N49B,2e+06,0
chr10,1,EnSpm-N49/N49B,2e+06,0
chr10,2000001,EnSpm-N49,4e+06,0
chr10,2000001,EnSpm-N49B,4e+06,0
chr10,2000001,EnSpm-N49/N49B,4e+06,0
chr10,4000001,EnSpm-N49,6e+06,0
chr10,4000001,EnSpm-N49B,6e+06,0
chr10,4000001,EnSpm-N49/N49B,6e+06,0
chr10,6000001,EnSpm-N49,8e+06,0
chr10,6000001,EnSpm-N49B,8e+06,0
chr10,6000001,EnSpm-N49/N49B,8e+06,0
chr10,8000001,EnSpm-N49,1e+07,0
chr10,8000001,EnSpm-N49B,1e+07,0
chr10,8000001,EnSpm-N49/N49B,1e+07,0
chr10,10000001,EnSpm-N49,1.2e+07,0
chr10,10000001,EnSpm-N49B,1.2e+07,0
chr10,10000001,EnSpm-N49/N49B,1.2e+07,0
chr10,12000001,EnSpm-N49,1.4e+07,0
chr10,12000001,EnSpm-N49B,1.4e+07,0
chr10,12000001,EnSpm-N49/N49B,1.4e+07,0
chr10,12000001,EnSpm-N49/N49B,1.4e+07,1
chr10,14000001,EnSpm-N49,1.6e+07,0
chr10,14000001,EnSpm-N49B,1.6e+07,0
chr10,14000001,EnSpm-N49/N49B,1.6e+07,0
chr10,16000001,EnSpm-N49,1.8e+07,0
chr10,16000001,EnSpm-N49B,1.8e+07,0
chr10,16000001,EnSpm-N49/N49B,1.8e+07,0
chr10,16000001,EnSpm-N49/N49B,1.8e+07,1
chr10,18000001,EnSpm-N49,2e+07,0
chr10,18000001,EnSpm-N49B,2e+07,0
chr10,18000001,EnSpm-N49/N49B,2e+07,0
chr10,20000001,EnSpm-N49,2.2e+07,0
chr10,20000001,EnSpm-N49B,2.2e+07,0
chr10,20000001,EnSpm-N49/N49B,2.2e+07,0
chr10,22000001,EnSpm-N49,2.4e+07,0
chr10,22000001,EnSpm-N49B,2.4e+07,0
chr10,22000001,EnSpm-N49/N49B,2.4e+07,0
chr10,24000001,EnSpm-N49,2.6e+07,0
chr10,24000001,EnSpm-N49B,2.6e+07,0
chr10,24000001,EnSpm-N49/N49B,2.6e+07,0
chr10,24000001,EnSpm-N49/N49B,2.6e+07,1
chr10,26000001,EnSpm-N49,2.8e+07,0
chr10,26000001,EnSpm-N49B,2.8e+07,0
chr10,26000001,EnSpm-N49/N49B,2.8e+07,0
chr10,28000001,EnSpm-N49,3e+07,0
chr10,28000001,EnSpm-N49B,3e+07,0
chr10,28000001,EnSpm-N49/N49B,3e+07,0
chr10,30000001,EnSpm-N49,3.2e+07,0
chr10,30000001,EnSpm-N49B,3.2e+07,0
chr10,30000001,EnSpm-N49/N49B,3.2e+07,0
chr10,32000001,EnSpm-N49,3.4e+07,0
chr10,32000001,EnSpm-N49B,3.4e+07,0
chr10,32000001,EnSpm-N49/N49B,3.4e+07,0
chr10,34000001,EnSpm-N49,3.6e+07,0
chr10,34000001,EnSpm-N49B,3.6e+07,0
chr10,34000001,EnSpm-N49/N49B,3.6e+07,0
chr10,36000001,EnSpm-N49,3.8e+07,0
chr10,36000001,EnSpm-N49B,3.8e+07,0
chr10,36000001,EnSpm-N49/N49B,3.8e+07,0
chr10,38000001,EnSpm-N49,4e+07,0
chr10,38000001,EnSpm-N49B,4e+07,0
chr10,38000001,EnSpm-N49/N49B,4e+07,0
chr10,40000001,EnSpm-N49,4.2e+07,0
chr10,40000001,EnSpm-N49B,4.2e+07,0
chr10,40000001,EnSpm-N49/N49B,4.2e+07,0
chr10,42000001,EnSpm-N49,4.4e+07,0
chr10,42000001,EnSpm-N49B,4.4e+07,0
chr10,42000001,EnSpm-N49/N49B,4.4e+07,0
chr10,44000001,EnSpm-N49,4.6e+07,0
chr10,44000001,EnSpm-N49B,4.6e+07,0
chr10,44000001,EnSpm-N49/N49B,4.6e+07,0
chr10,46000001,EnSpm-N49,4.8e+07,0
chr10,46000001,EnSpm-N49B,4.8e+07,0
chr10,46000001,EnSpm-N49/N49B,4.8e+07,0
chr10,48000001,EnSpm-N49,5e+07,0
chr10,48000001,EnSpm-N49B,5e+07,0
chr10,48000001,EnSpm-N49/N49B,5e+07,0
chr10,50000001,EnSpm-N49,5.2e+07,0
chr10,50000001,EnSpm-N49B,5.2e+07,0
chr10,50000001,EnSpm-N49/N49B,5.2e+07,0
chr10,52000001,EnSpm-N49,5.4e+07,0
chr10,52000001,EnSpm-N49B,5.4e+07,0
chr10,52000001,EnSpm-N49/N49B,5.4e+07,0
chr10,54000001,EnSpm-N49,5.6e+07,0
chr10,54000001,EnSpm-N49B,5.6e+07,0
chr10,54000001,EnSpm-N49/N49B,5.6e+07,0
chr10,56000001,EnSpm-N49,5.8e+07,0
chr10,56000001,EnSpm-N49B,5.8e+07,0
chr10,56000001,EnSpm-N49/N49B,5.8e+07,0
chr10,58000001,EnSpm-N49,6e+07,0
chr10,58000001,EnSpm-N49B,6e+07,0
chr10,58000001,EnSpm-N49/N49B,6e+07,0
chr10,60000001,EnSpm-N49,6.2e+07,0
chr10,60000001,EnSpm-N49B,6.2e+07,0
chr10,60000001,EnSpm-N49/N49B,6.2e+07,0
chr10,62000001,EnSpm-N49,6.4e+07,0
chr10,62000001,EnSpm-N49B,6.4e+07,0
chr10,62000001,EnSpm-N49/N49B,6.4e+07,0
chr10,64000001,EnSpm-N49,6.6e+07,0
chr10,64000001,EnSpm-N49B,6.6e+07,0
chr10,64000001,EnSpm-N49/N49B,6.6e+07,0
chr10,66000001,EnSpm-N49,6.8e+07,0
chr10,66000001,EnSpm-N49B,6.8e+07,0
chr10,66000001,EnSpm-N49/N49B,6.8e+07,0
chr11,1,EnSpm-N49,2e+06,0
chr11,1,EnSpm-N49B,2e+06,0
chr11,1,EnSpm-N49/N49B,2e+06,0
chr11,2000001,EnSpm-N49,4e+06,0
chr11,2000001,EnSpm-N49B,4e+06,0
chr11,2000001,EnSpm-N49/N49B,4e+06,0
chr11,4000001,EnSpm-N49,6e+06,0
chr11,4000001,EnSpm-N49B,6e+06,0
chr11,4000001,EnSpm-N49/N49B,6e+06,0
chr11,6000001,EnSpm-N49,8e+06,0
chr11,6000001,EnSpm-N49B,8e+06,0
chr11,6000001,EnSpm-N49/N49B,8e+06,0
chr11,8000001,EnSpm-N49,1e+07,0
chr11,8000001,EnSpm-N49B,1e+07,0
chr11,8000001,EnSpm-N49/N49B,1e+07,0
chr11,10000001,EnSpm-N49,1.2e+07,0
chr11,10000001,EnSpm-N49B,1.2e+07,0
chr11,10000001,EnSpm-N49/N49B,1.2e+07,0
chr11,12000001,EnSpm-N49,1.4e+07,0
chr11,12000001,EnSpm-N49B,1.4e+07,0
chr11,12000001,EnSpm-N49/N49B,1.4e+07,0
chr11,14000001,EnSpm-N49,1.6e+07,0
chr11,14000001,EnSpm-N49B,1.6e+07,0
chr11,14000001,EnSpm-N49/N49B,1.6e+07,0
chr11,16000001,EnSpm-N49,1.8e+07,0
chr11,16000001,EnSpm-N49B,1.8e+07,0
chr11,16000001,EnSpm-N49/N49B,1.8e+07,0
chr11,18000001,EnSpm-N49,2e+07,0
chr11,18000001,EnSpm-N49B,2e+07,0
chr11,18000001,EnSpm-N49/N49B,2e+07,0
chr11,20000001,EnSpm-N49,2.2e+07,0
chr11,20000001,EnSpm-N49B,2.2e+07,0
chr11,20000001,EnSpm-N49/N49B,2.2e+07,0
chr11,22000001,EnSpm-N49,2.4e+07,0
chr11,22000001,EnSpm-N49B,2.4e+07,0
chr11,22000001,EnSpm-N49/N49B,2.4e+07,0
chr11,24000001,EnSpm-N49,2.6e+07,0
chr11,24000001,EnSpm-N49B,2.6e+07,0
chr11,24000001,EnSpm-N49/N49B,2.6e+07,0
chr11,24000001,EnSpm-N49B,2.6e+07,1
chr11,26000001,EnSpm-N49,2.8e+07,0
chr11,26000001,EnSpm-N49B,2.8e+07,0
chr11,26000001,EnSpm-N49/N49B,2.8e+07,0
chr11,28000001,EnSpm-N49,3e+07,0
chr11,28000001,EnSpm-N49B,3e+07,0
chr11,28000001,EnSpm-N49/N49B,3e+07,0
chr11,30000001,EnSpm-N49,3.2e+07,0
chr11,30000001,EnSpm-N49B,3.2e+07,0
chr11,30000001,EnSpm-N49/N49B,3.2e+07,0
chr11,32000001,EnSpm-N49,3.4e+07,0
chr11,32000001,EnSpm-N49B,3.4e+07,0
chr11,32000001,EnSpm-N49/N49B,3.4e+07,0
chr11,34000001,EnSpm-N49,3.6e+07,0
chr11,34000001,EnSpm-N49B,3.6e+07,0
chr11,34000001,EnSpm-N49/N49B,3.6e+07,0
chr11,36000001,EnSpm-N49,3.8e+07,0
chr11,36000001,EnSpm-N49B,3.8e+07,0
chr11,36000001,EnSpm-N49/N49B,3.8e+07,0
chr11,38000001,EnSpm-N49,4e+07,0
chr11,38000001,EnSpm-N49B,4e+07,0
chr11,38000001,EnSpm-N49/N49B,4e+07,0
chr11,40000001,EnSpm-N49,4.2e+07,0
chr11,40000001,EnSpm-N49B,4.2e+07,0
chr11,40000001,EnSpm-N49/N49B,4.2e+07,0
chr11,42000001,EnSpm-N49,4.4e+07,0
chr11,42000001,EnSpm-N49B,4.4e+07,0
chr11,42000001,EnSpm-N49/N49B,4.4e+07,0
chr11,44000001,EnSpm-N49,4.6e+07,0
chr11,44000001,EnSpm-N49B,4.6e+07,0
chr11,44000001,EnSpm-N49/N49B,4.6e+07,0
chr11,46000001,EnSpm-N49,4.8e+07,0
chr11,46000001,EnSpm-N49B,4.8e+07,0
chr11,46000001,EnSpm-N49/N49B,4.8e+07,0
chr11,48000001,EnSpm-N49,5e+07,0
chr11,48000001,EnSpm-N49B,5e+07,0
chr11,48000001,EnSpm-N49/N49B,5e+07,0
chr11,50000001,EnSpm-N49,5.2e+07,0
chr11,50000001,EnSpm-N49B,5.2e+07,0
chr11,50000001,EnSpm-N49/N49B,5.2e+07,0
chr11,52000001,EnSpm-N49,5.4e+07,0
chr11,52000001,EnSpm-N49B,5.4e+07,0
chr11,52000001,EnSpm-N49/N49B,5.4e+07,0
chr11,54000001,EnSpm-N49,5.6e+07,0
chr11,54000001,EnSpm-N49B,5.6e+07,0
chr11,54000001,EnSpm-N49/N49B,5.6e+07,0
chr11,56000001,EnSpm-N49,5.8e+07,0
chr11,56000001,EnSpm-N49B,5.8e+07,0
chr11,56000001,EnSpm-N49/N49B,5.8e+07,0
chr11,58000001,EnSpm-N49,6e+07,0
chr11,58000001,EnSpm-N49B,6e+07,0
chr11,58000001,EnSpm-N49/N49B,6e+07,0
chr11,60000001,EnSpm-N49,6.2e+07,0
chr11,60000001,EnSpm-N49B,6.2e+07,0
chr11,60000001,EnSpm-N49/N49B,6.2e+07,0
chr11,62000001,EnSpm-N49,6.4e+07,0
chr11,62000001,EnSpm-N49B,6.4e+07,0
chr11,62000001,EnSpm-N49/N49B,6.4e+07,0
chr11,64000001,EnSpm-N49,6.6e+07,0
chr11,64000001,EnSpm-N49B,6.6e+07,0
chr11,64000001,EnSpm-N49/N49B,6.6e+07,0
chr11,66000001,EnSpm-N49,6.8e+07,0
chr11,66000001,EnSpm-N49B,6.8e+07,0
chr11,66000001,EnSpm-N49/N49B,6.8e+07,0
chr12,1,EnSpm-N49,2e+06,0
chr12,1,EnSpm-N49B,2e+06,0
chr12,1,EnSpm-N49/N49B,2e+06,0
chr12,2000001,EnSpm-N49,4e+06,0
chr12,2000001,EnSpm-N49B,4e+06,0
chr12,2000001,EnSpm-N49/N49B,4e+06,0
chr12,4000001,EnSpm-N49,6e+06,0
chr12,4000001,EnSpm-N49B,6e+06,0
chr12,4000001,EnSpm-N49/N49B,6e+06,0
chr12,6000001,EnSpm-N49,8e+06,0
chr12,6000001,EnSpm-N49B,8e+06,0
chr12,6000001,EnSpm-N49/N49B,8e+06,0
chr12,8000001,EnSpm-N49,1e+07,0
chr12,8000001,EnSpm-N49B,1e+07,0
chr12,8000001,EnSpm-N49/N49B,1e+07,0
chr12,10000001,EnSpm-N49,1.2e+07,0
chr12,10000001,EnSpm-N49B,1.2e+07,0
chr12,10000001,EnSpm-N49/N49B,1.2e+07,0
chr12,10000001,EnSpm-N49/N49B,1.2e+07,1
chr12,12000001,EnSpm-N49,1.4e+07,0
chr12,12000001,EnSpm-N49B,1.4e+07,0
chr12,12000001,EnSpm-N49/N49B,1.4e+07,0
chr12,14000001,EnSpm-N49,1.6e+07,0
chr12,14000001,EnSpm-N49B,1.6e+07,0
chr12,14000001,EnSpm-N49/N49B,1.6e+07,0
chr12,16000001,EnSpm-N49,1.8e+07,0
chr12,16000001,EnSpm-N49B,1.8e+07,0
chr12,16000001,EnSpm-N49/N49B,1.8e+07,0
chr12,18000001,EnSpm-N49,2e+07,0
chr12,18000001,EnSpm-N49B,2e+07,0
chr12,18000001,EnSpm-N49/N49B,2e+07,0
chr12,20000001,EnSpm-N49,2.2e+07,0
chr12,20000001,EnSpm-N49B,2.2e+07,0
chr12,20000001,EnSpm-N49/N49B,2.2e+07,0
chr12,22000001,EnSpm-N49,2.4e+07,0
chr12,22000001,EnSpm-N49B,2.4e+07,0
chr12,22000001,EnSpm-N49/N49B,2.4e+07,0
chr12,24000001,EnSpm-N49,2.6e+07,0
chr12,24000001,EnSpm-N49B,2.6e+07,0
chr12,24000001,EnSpm-N49/N49B,2.6e+07,0
chr12,26000001,EnSpm-N49,2.8e+07,0
chr12,26000001,EnSpm-N49B,2.8e+07,0
chr12,26000001,EnSpm-N49/N49B,2.8e+07,0
chr12,28000001,EnSpm-N49,3e+07,0
chr12,28000001,EnSpm-N49B,3e+07,0
chr12,28000001,EnSpm-N49/N49B,3e+07,0
chr12,28000001,EnSpm-N49/N49B,3e+07,1
chr12,30000001,EnSpm-N49,3.2e+07,0
chr12,30000001,EnSpm-N49B,3.2e+07,0
chr12,30000001,EnSpm-N49/N49B,3.2e+07,0
chr12,32000001,EnSpm-N49,3.4e+07,0
chr12,32000001,EnSpm-N49B,3.4e+07,0
chr12,32000001,EnSpm-N49/N49B,3.4e+07,0
chr12,34000001,EnSpm-N49,3.6e+07,0
chr12,34000001,EnSpm-N49B,3.6e+07,0
chr12,34000001,EnSpm-N49/N49B,3.6e+07,0
chr12,36000001,EnSpm-N49,3.8e+07,0
chr12,36000001,EnSpm-N49B,3.8e+07,0
chr12,36000001,EnSpm-N49/N49B,3.8e+07,0
chr12,38000001,EnSpm-N49,4e+07,0
chr12,38000001,EnSpm-N49B,4e+07,0
chr12,38000001,EnSpm-N49/N49B,4e+07,0
chr12,40000001,EnSpm-N49,4.2e+07,0
chr12,40000001,EnSpm-N49B,4.2e+07,0
chr12,40000001,EnSpm-N49/N49B,4.2e+07,0
chr12,42000001,EnSpm-N49,4.4e+07,0
chr12,42000001,EnSpm-N49B,4.4e+07,0
chr12,42000001,EnSpm-N49/N49B,4.4e+07,0
chr12,44000001,EnSpm-N49,4.6e+07,0
chr12,44000001,EnSpm-N49B,4.6e+07,0
chr12,44000001,EnSpm-N49/N49B,4.6e+07,0
chr12,46000001,EnSpm-N49,4.8e+07,0
chr12,46000001,EnSpm-N49B,4.8e+07,0
chr12,46000001,EnSpm-N49/N49B,4.8e+07,0
chr12,48000001,EnSpm-N49,5e+07,0
chr12,48000001,EnSpm-N49B,5e+07,0
chr12,48000001,EnSpm-N49/N49B,5e+07,0
chr12,50000001,EnSpm-N49,5.2e+07,0
chr12,50000001,EnSpm-N49B,5.2e+07,0
chr12,50000001,EnSpm-N49/N49B,5.2e+07,0
chr12,52000001,EnSpm-N49,5.4e+07,0
chr12,52000001,EnSpm-N49B,5.4e+07,0
chr12,52000001,EnSpm-N49/N49B,5.4e+07,0
chr12,54000001,EnSpm-N49,5.6e+07,0
chr12,54000001,EnSpm-N49B,5.6e+07,0
chr12,54000001,EnSpm-N49/N49B,5.6e+07,0
chr12,56000001,EnSpm-N49,5.8e+07,0
chr12,56000001,EnSpm-N49B,5.8e+07,0
chr12,56000001,EnSpm-N49/N49B,5.8e+07,0
chr12,58000001,EnSpm-N49,6e+07,0
chr12,58000001,EnSpm-N49B,6e+07,0
chr12,58000001,EnSpm-N49/N49B,6e+07,0
chr12,60000001,EnSpm-N49,6.2e+07,0
chr12,60000001,EnSpm-N49B,6.2e+07,0
chr12,60000001,EnSpm-N49/N49B,6.2e+07,0
chr12,62000001,EnSpm-N49,6.4e+07,0
chr12,62000001,EnSpm-N49B,6.4e+07,0
chr12,62000001,EnSpm-N49/N49B,6.4e+07,0
chr12,64000001,EnSpm-N49,6.6e+07,0
chr12,64000001,EnSpm-N49B,6.6e+07,0
chr12,64000001,EnSpm-N49/N49B,6.6e+07,0
chr12,66000001,EnSpm-N49,6.8e+07,0
chr12,66000001,EnSpm-N49B,6.8e+07,0
chr12,66000001,EnSpm-N49/N49B,6.8e+07,0
chr13,1,EnSpm-N49,2e+06,0
chr13,1,EnSpm-N49B,2e+06,0
chr13,1,EnSpm-N49/N49B,2e+06,0
chr13,2000001,EnSpm-N49,4e+06,0
chr13,2000001,EnSpm-N49B,4e+06,0
chr13,2000001,EnSpm-N49/N49B,4e+06,0
chr13,4000001,EnSpm-N49,6e+06,0
chr13,4000001,EnSpm-N49B,6e+06,0
chr13,4000001,EnSpm-N49/N49B,6e+06,0
chr13,6000001,EnSpm-N49,8e+06,0
chr13,6000001,EnSpm-N49B,8e+06,0
chr13,6000001,EnSpm-N49/N49B,8e+06,0
chr13,8000001,EnSpm-N49,1e+07,0
chr13,8000001,EnSpm-N49B,1e+07,0
chr13,8000001,EnSpm-N49/N49B,1e+07,0
chr13,10000001,EnSpm-N49,1.2e+07,0
chr13,10000001,EnSpm-N49B,1.2e+07,0
chr13,10000001,EnSpm-N49/N49B,1.2e+07,0
chr13,12000001,EnSpm-N49,1.4e+07,0
chr13,12000001,EnSpm-N49B,1.4e+07,0
chr13,12000001,EnSpm-N49/N49B,1.4e+07,0
chr13,14000001,EnSpm-N49,1.6e+07,0
chr13,14000001,EnSpm-N49B,1.6e+07,0
chr13,14000001,EnSpm-N49/N49B,1.6e+07,0
chr13,16000001,EnSpm-N49,1.8e+07,0
chr13,16000001,EnSpm-N49B,1.8e+07,0
chr13,16000001,EnSpm-N49/N49B,1.8e+07,0
chr13,18000001,EnSpm-N49,2e+07,0
chr13,18000001,EnSpm-N49B,2e+07,0
chr13,18000001,EnSpm-N49/N49B,2e+07,0
chr13,20000001,EnSpm-N49,2.2e+07,0
chr13,20000001,EnSpm-N49B,2.2e+07,0
chr13,20000001,EnSpm-N49/N49B,2.2e+07,0
chr13,22000001,EnSpm-N49,2.4e+07,0
chr13,22000001,EnSpm-N49B,2.4e+07,0
chr13,22000001,EnSpm-N49/N49B,2.4e+07,0
chr13,24000001,EnSpm-N49,2.6e+07,0
chr13,24000001,EnSpm-N49B,2.6e+07,0
chr13,24000001,EnSpm-N49/N49B,2.6e+07,0
chr13,24000001,EnSpm-N49,2.6e+07,1
chr13,26000001,EnSpm-N49,2.8e+07,0
chr13,26000001,EnSpm-N49B,2.8e+07,0
chr13,26000001,EnSpm-N49/N49B,2.8e+07,0
chr13,28000001,EnSpm-N49,3e+07,0
chr13,28000001,EnSpm-N49B,3e+07,0
chr13,28000001,EnSpm-N49/N49B,3e+07,0
chr13,30000001,EnSpm-N49,3.2e+07,0
chr13,30000001,EnSpm-N49B,3.2e+07,0
chr13,30000001,EnSpm-N49/N49B,3.2e+07,0
chr13,32000001,EnSpm-N49,3.4e+07,0
chr13,32000001,EnSpm-N49B,3.4e+07,0
chr13,32000001,EnSpm-N49/N49B,3.4e+07,0
chr13,34000001,EnSpm-N49,3.6e+07,0
chr13,34000001,EnSpm-N49B,3.6e+07,0
chr13,34000001,EnSpm-N49/N49B,3.6e+07,0
chr13,36000001,EnSpm-N49,3.8e+07,0
chr13,36000001,EnSpm-N49B,3.8e+07,0
chr13,36000001,EnSpm-N49/N49B,3.8e+07,0
chr13,38000001,EnSpm-N49,4e+07,0
chr13,38000001,EnSpm-N49B,4e+07,0
chr13,38000001,EnSpm-N49/N49B,4e+07,0
chr13,38000001,EnSpm-N49/N49B,4e+07,1
chr13,40000001,EnSpm-N49,4.2e+07,0
chr13,40000001,EnSpm-N49B,4.2e+07,0
chr13,40000001,EnSpm-N49/N49B,4.2e+07,0
chr13,42000001,EnSpm-N49,4.4e+07,0
chr13,42000001,EnSpm-N49B,4.4e+07,0
chr13,42000001,EnSpm-N49/N49B,4.4e+07,0
chr13,44000001,EnSpm-N49,4.6e+07,0
chr13,44000001,EnSpm-N49B,4.6e+07,0
chr13,44000001,EnSpm-N49/N49B,4.6e+07,0
chr13,46000001,EnSpm-N49,4.8e+07,0
chr13,46000001,EnSpm-N49B,4.8e+07,0
chr13,46000001,EnSpm-N49/N49B,4.8e+07,0
chr13,48000001,EnSpm-N49,5e+07,0
chr13,48000001,EnSpm-N49B,5e+07,0
chr13,48000001,EnSpm-N49/N49B,5e+07,0
chr13,50000001,EnSpm-N49,5.2e+07,0
chr13,50000001,EnSpm-N49B,5.2e+07,0
chr13,50000001,EnSpm-N49/N49B,5.2e+07,0
chr13,52000001,EnSpm-N49,5.4e+07,0
chr13,52000001,EnSpm-N49B,5.4e+07,0
chr13,52000001,EnSpm-N49/N49B,5.4e+07,0
chr13,54000001,EnSpm-N49,5.6e+07,0
chr13,54000001,EnSpm-N49B,5.6e+07,0
chr13,54000001,EnSpm-N49/N49B,5.6e+07,0
chr13,56000001,EnSpm-N49,5.8e+07,0
chr13,56000001,EnSpm-N49B,5.8e+07,0
chr13,56000001,EnSpm-N49/N49B,5.8e+07,0
chr13,58000001,EnSpm-N49,6e+07,0
chr13,58000001,EnSpm-N49B,6e+07,0
chr13,58000001,EnSpm-N49/N49B,6e+07,0
chr13,60000001,EnSpm-N49,6.2e+07,0
chr13,60000001,EnSpm-N49B,6.2e+07,0
chr13,60000001,EnSpm-N49/N49B,6.2e+07,0
chr13,62000001,EnSpm-N49,6.4e+07,0
chr13,62000001,EnSpm-N49B,6.4e+07,0
chr13,62000001,EnSpm-N49/N49B,6.4e+07,0
chr13,64000001,EnSpm-N49,6.6e+07,0
chr13,64000001,EnSpm-N49B,6.6e+07,0
chr13,64000001,EnSpm-N49/N49B,6.6e+07,0
chr13,66000001,EnSpm-N49,6.8e+07,0
chr13,66000001,EnSpm-N49B,6.8e+07,0
chr13,66000001,EnSpm-N49/N49B,6.8e+07,0
chr14,1,EnSpm-N49,2e+06,0
chr14,1,EnSpm-N49B,2e+06,0
chr14,1,EnSpm-N49/N49B,2e+06,0
chr14,2000001,EnSpm-N49,4e+06,0
chr14,2000001,EnSpm-N49B,4e+06,0
chr14,2000001,EnSpm-N49/N49B,4e+06,0
chr14,4000001,EnSpm-N49,6e+06,0
chr14,4000001,EnSpm-N49B,6e+06,0
chr14,4000001,EnSpm-N49/N49B,6e+06,0
chr14,6000001,EnSpm-N49,8e+06,0
chr14,6000001,EnSpm-N49B,8e+06,0
chr14,6000001,EnSpm-N49/N49B,8e+06,0
chr14,8000001,EnSpm-N49,1e+07,0
chr14,8000001,EnSpm-N49B,1e+07,0
chr14,8000001,EnSpm-N49/N49B,1e+07,0
chr14,10000001,EnSpm-N49,1.2e+07,0
chr14,10000001,EnSpm-N49B,1.2e+07,0
chr14,10000001,EnSpm-N49/N49B,1.2e+07,0
chr14,12000001,EnSpm-N49,1.4e+07,0
chr14,12000001,EnSpm-N49B,1.4e+07,0
chr14,12000001,EnSpm-N49/N49B,1.4e+07,0
chr14,14000001,EnSpm-N49,1.6e+07,0
chr14,14000001,EnSpm-N49B,1.6e+07,0
chr14,14000001,EnSpm-N49/N49B,1.6e+07,0
chr14,16000001,EnSpm-N49,1.8e+07,0
chr14,16000001,EnSpm-N49B,1.8e+07,0
chr14,16000001,EnSpm-N49/N49B,1.8e+07,0
chr14,18000001,EnSpm-N49,2e+07,0
chr14,18000001,EnSpm-N49B,2e+07,0
chr14,18000001,EnSpm-N49/N49B,2e+07,0
chr14,20000001,EnSpm-N49,2.2e+07,0
chr14,20000001,EnSpm-N49B,2.2e+07,0
chr14,20000001,EnSpm-N49/N49B,2.2e+07,0
chr14,22000001,EnSpm-N49,2.4e+07,0
chr14,22000001,EnSpm-N49B,2.4e+07,0
chr14,22000001,EnSpm-N49/N49B,2.4e+07,0
chr14,22000001,EnSpm-N49/N49B,2.4e+07,1
chr14,24000001,EnSpm-N49,2.6e+07,0
chr14,24000001,EnSpm-N49B,2.6e+07,0
chr14,24000001,EnSpm-N49/N49B,2.6e+07,0
chr14,26000001,EnSpm-N49,2.8e+07,0
chr14,26000001,EnSpm-N49B,2.8e+07,0
chr14,26000001,EnSpm-N49/N49B,2.8e+07,0
chr14,28000001,EnSpm-N49,3e+07,0
chr14,28000001,EnSpm-N49B,3e+07,0
chr14,28000001,EnSpm-N49/N49B,3e+07,0
chr14,30000001,EnSpm-N49,3.2e+07,0
chr14,30000001,EnSpm-N49B,3.2e+07,0
chr14,30000001,EnSpm-N49/N49B,3.2e+07,0
chr14,32000001,EnSpm-N49,3.4e+07,0
chr14,32000001,EnSpm-N49B,3.4e+07,0
chr14,32000001,EnSpm-N49/N49B,3.4e+07,0
chr14,34000001,EnSpm-N49,3.6e+07,0
chr14,34000001,EnSpm-N49B,3.6e+07,0
chr14,34000001,EnSpm-N49/N49B,3.6e+07,0
chr14,36000001,EnSpm-N49,3.8e+07,0
chr14,36000001,EnSpm-N49B,3.8e+07,0
chr14,36000001,EnSpm-N49/N49B,3.8e+07,0
chr14,38000001,EnSpm-N49,4e+07,0
chr14,38000001,EnSpm-N49B,4e+07,0
chr14,38000001,EnSpm-N49/N49B,4e+07,0
chr14,40000001,EnSpm-N49,4.2e+07,0
chr14,40000001,EnSpm-N49B,4.2e+07,0
chr14,40000001,EnSpm-N49/N49B,4.2e+07,0
chr14,42000001,EnSpm-N49,4.4e+07,0
chr14,42000001,EnSpm-N49B,4.4e+07,0
chr14,42000001,EnSpm-N49/N49B,4.4e+07,0
chr14,44000001,EnSpm-N49,4.6e+07,0
chr14,44000001,EnSpm-N49B,4.6e+07,0
chr14,44000001,EnSpm-N49/N49B,4.6e+07,0
chr14,46000001,EnSpm-N49,4.8e+07,0
chr14,46000001,EnSpm-N49B,4.8e+07,0
chr14,46000001,EnSpm-N49/N49B,4.8e+07,0
chr14,48000001,EnSpm-N49,5e+07,0
chr14,48000001,EnSpm-N49B,5e+07,0
chr14,48000001,EnSpm-N49/N49B,5e+07,0
chr14,50000001,EnSpm-N49,5.2e+07,0
chr14,50000001,EnSpm-N49B,5.2e+07,0
chr14,50000001,EnSpm-N49/N49B,5.2e+07,0
chr14,52000001,EnSpm-N49,5.4e+07,0
chr14,52000001,EnSpm-N49B,5.4e+07,0
chr14,52000001,EnSpm-N49/N49B,5.4e+07,0
chr14,54000001,EnSpm-N49,5.6e+07,0
chr14,54000001,EnSpm-N49B,5.6e+07,0
chr14,54000001,EnSpm-N49/N49B,5.6e+07,0
chr14,56000001,EnSpm-N49,5.8e+07,0
chr14,56000001,EnSpm-N49B,5.8e+07,0
chr14,56000001,EnSpm-N49/N49B,5.8e+07,0
chr14,58000001,EnSpm-N49,6e+07,0
chr14,58000001,EnSpm-N49B,6e+07,0
chr14,58000001,EnSpm-N49/N49B,6e+07,0
chr14,60000001,EnSpm-N49,6.2e+07,0
chr14,60000001,EnSpm-N49B,6.2e+07,0
chr14,60000001,EnSpm-N49/N49B,6.2e+07,0
chr14,62000001,EnSpm-N49,6.4e+07,0
chr14,62000001,EnSpm-N49B,6.4e+07,0
chr14,62000001,EnSpm-N49/N49B,6.4e+07,0
chr14,64000001,EnSpm-N49,6.6e+07,0
chr14,64000001,EnSpm-N49B,6.6e+07,0
chr14,64000001,EnSpm-N49/N49B,6.6e+07,0
chr14,66000001,EnSpm-N49,6.8e+07,0
chr14,66000001,EnSpm-N49B,6.8e+07,0
chr14,66000001,EnSpm-N49/N49B,6.8e+07,0
chr15,1,EnSpm-N49,2e+06,0
chr15,1,EnSpm-N49B,2e+06,0
chr15,1,EnSpm-N49/N49B,2e+06,0
chr15,2000001,EnSpm-N49,4e+06,0
chr15,2000001,EnSpm-N49B,4e+06,0
chr15,2000001,EnSpm-N49/N49B,4e+06,0
chr15,4000001,EnSpm-N49,6e+06,0
chr15,4000001,EnSpm-N49B,6e+06,0
chr15,4000001,EnSpm-N49/N49B,6e+06,0
chr15,6000001,EnSpm-N49,8e+06,0
chr15,6000001,EnSpm-N49B,8e+06,0
chr15,6000001,EnSpm-N49/N49B,8e+06,0
chr15,8000001,EnSpm-N49,1e+07,0
chr15,8000001,EnSpm-N49B,1e+07,0
chr15,8000001,EnSpm-N49/N49B,1e+07,0
chr15,8000001,EnSpm-N49/N49B,1e+07,1
chr15,10000001,EnSpm-N49,1.2e+07,0
chr15,10000001,EnSpm-N49B,1.2e+07,0
chr15,10000001,EnSpm-N49/N49B,1.2e+07,0
chr15,12000001,EnSpm-N49,1.4e+07,0
chr15,12000001,EnSpm-N49B,1.4e+07,0
chr15,12000001,EnSpm-N49/N49B,1.4e+07,0
chr15,12000001,EnSpm-N49/N49B,1.4e+07,1
chr15,14000001,EnSpm-N49,1.6e+07,0
chr15,14000001,EnSpm-N49B,1.6e+07,0
chr15,14000001,EnSpm-N49/N49B,1.6e+07,0
chr15,14000001,EnSpm-N49B,1.6e+07,1
chr15,16000001,EnSpm-N49,1.8e+07,0
chr15,16000001,EnSpm-N49B,1.8e+07,0
chr15,16000001,EnSpm-N49/N49B,1.8e+07,0
chr15,18000001,EnSpm-N49,2e+07,0
chr15,18000001,EnSpm-N49B,2e+07,0
chr15,18000001,EnSpm-N49/N49B,2e+07,0
chr15,20000001,EnSpm-N49,2.2e+07,0
chr15,20000001,EnSpm-N49B,2.2e+07,0
chr15,20000001,EnSpm-N49/N49B,2.2e+07,0
chr15,20000001,EnSpm-N49/N49B,2.2e+07,1
chr15,22000001,EnSpm-N49,2.4e+07,0
chr15,22000001,EnSpm-N49B,2.4e+07,0
chr15,22000001,EnSpm-N49/N49B,2.4e+07,0
chr15,24000001,EnSpm-N49,2.6e+07,0
chr15,24000001,EnSpm-N49B,2.6e+07,0
chr15,24000001,EnSpm-N49/N49B,2.6e+07,0
chr15,26000001,EnSpm-N49,2.8e+07,0
chr15,26000001,EnSpm-N49B,2.8e+07,0
chr15,26000001,EnSpm-N49/N49B,2.8e+07,0
chr15,28000001,EnSpm-N49,3e+07,0
chr15,28000001,EnSpm-N49B,3e+07,0
chr15,28000001,EnSpm-N49/N49B,3e+07,0
chr15,30000001,EnSpm-N49,3.2e+07,0
chr15,30000001,EnSpm-N49B,3.2e+07,0
chr15,30000001,EnSpm-N49/N49B,3.2e+07,0
chr15,32000001,EnSpm-N49,3.4e+07,0
chr15,32000001,EnSpm-N49B,3.4e+07,0
chr15,32000001,EnSpm-N49/N49B,3.4e+07,0
chr15,32000001,EnSpm-N49,3.4e+07,1
chr15,34000001,EnSpm-N49,3.6e+07,0
chr15,34000001,EnSpm-N49B,3.6e+07,0
chr15,34000001,EnSpm-N49/N49B,3.6e+07,0
chr15,36000001,EnSpm-N49,3.8e+07,0
chr15,36000001,EnSpm-N49B,3.8e+07,0
chr15,36000001,EnSpm-N49/N49B,3.8e+07,0
chr15,38000001,EnSpm-N49,4e+07,0
chr15,38000001,EnSpm-N49B,4e+07,0
chr15,38000001,EnSpm-N49/N49B,4e+07,0
chr15,40000001,EnSpm-N49,4.2e+07,0
chr15,40000001,EnSpm-N49B,4.2e+07,0
chr15,40000001,EnSpm-N49/N49B,4.2e+07,0
chr15,42000001,EnSpm-N49,4.4e+07,0
chr15,42000001,EnSpm-N49B,4.4e+07,0
chr15,42000001,EnSpm-N49/N49B,4.4e+07,0
chr15,44000001,EnSpm-N49,4.6e+07,0
chr15,44000001,EnSpm-N49B,4.6e+07,0
chr15,44000001,EnSpm-N49/N49B,4.6e+07,0
chr15,46000001,EnSpm-N49,4.8e+07,0
chr15,46000001,EnSpm-N49B,4.8e+07,0
chr15,46000001,EnSpm-N49/N49B,4.8e+07,0
chr15,48000001,EnSpm-N49,5e+07,0
chr15,48000001,EnSpm-N49B,5e+07,0
chr15,48000001,EnSpm-N49/N49B,5e+07,0
chr15,50000001,EnSpm-N49,5.2e+07,0
chr15,50000001,EnSpm-N49B,5.2e+07,0
chr15,50000001,EnSpm-N49/N49B,5.2e+07,0
chr15,52000001,EnSpm-N49,5.4e+07,0
chr15,52000001,EnSpm-N49B,5.4e+07,0
chr15,52000001,EnSpm-N49/N49B,5.4e+07,0
chr15,54000001,EnSpm-N49,5.6e+07,0
chr15,54000001,EnSpm-N49B,5.6e+07,0
chr15,54000001,EnSpm-N49/N49B,5.6e+07,0
chr15,56000001,EnSpm-N49,5.8e+07,0
chr15,56000001,EnSpm-N49B,5.8e+07,0
chr15,56000001,EnSpm-N49/N49B,5.8e+07,0
chr15,58000001,EnSpm-N49,6e+07,0
chr15,58000001,EnSpm-N49B,6e+07,0
chr15,58000001,EnSpm-N49/N49B,6e+07,0
chr15,60000001,EnSpm-N49,6.2e+07,0
chr15,60000001,EnSpm-N49B,6.2e+07,0
chr15,60000001,EnSpm-N49/N49B,6.2e+07,0
chr15,62000001,EnSpm-N49,6.4e+07,0
chr15,62000001,EnSpm-N49B,6.4e+07,0
chr15,62000001,EnSpm-N49/N49B,6.4e+07,0
chr15,64000001,EnSpm-N49,6.6e+07,0
chr15,64000001,EnSpm-N49B,6.6e+07,0
chr15,64000001,EnSpm-N49/N49B,6.6e+07,0
chr15,66000001,EnSpm-N49,6.8e+07,0
chr15,66000001,EnSpm-N49B,6.8e+07,0
chr15,66000001,EnSpm-N49/N49B,6.8e+07,0
chr16,1,EnSpm-N49,2e+06,0
chr16,1,EnSpm-N49B,2e+06,0
chr16,1,EnSpm-N49/N49B,2e+06,0
chr16,2000001,EnSpm-N49,4e+06,0
chr16,2000001,EnSpm-N49B,4e+06,0
chr16,2000001,EnSpm-N49/N49B,4e+06,0
chr16,2000001,EnSpm-N49/N49B,4e+06,1
chr16,4000001,EnSpm-N49,6e+06,0
chr16,4000001,EnSpm-N49B,6e+06,0
chr16,4000001,EnSpm-N49/N49B,6e+06,0
chr16,6000001,EnSpm-N49,8e+06,0
chr16,6000001,EnSpm-N49B,8e+06,0
chr16,6000001,EnSpm-N49/N49B,8e+06,0
chr16,8000001,EnSpm-N49,1e+07,0
chr16,8000001,EnSpm-N49B,1e+07,0
chr16,8000001,EnSpm-N49/N49B,1e+07,0
chr16,10000001,EnSpm-N49,1.2e+07,0
chr16,10000001,EnSpm-N49B,1.2e+07,0
chr16,10000001,EnSpm-N49/N49B,1.2e+07,0
chr16,12000001,EnSpm-N49,1.4e+07,0
chr16,12000001,EnSpm-N49B,1.4e+07,0
chr16,12000001,EnSpm-N49/N49B,1.4e+07,0
chr16,14000001,EnSpm-N49,1.6e+07,0
chr16,14000001,EnSpm-N49B,1.6e+07,0
chr16,14000001,EnSpm-N49/N49B,1.6e+07,0
chr16,14000001,EnSpm-N49,1.6e+07,1
chr16,16000001,EnSpm-N49,1.8e+07,0
chr16,16000001,EnSpm-N49B,1.8e+07,0
chr16,16000001,EnSpm-N49/N49B,1.8e+07,0
chr16,18000001,EnSpm-N49,2e+07,0
chr16,18000001,EnSpm-N49B,2e+07,0
chr16,18000001,EnSpm-N49/N49B,2e+07,0
chr16,20000001,EnSpm-N49,2.2e+07,0
chr16,20000001,EnSpm-N49B,2.2e+07,0
chr16,20000001,EnSpm-N49/N49B,2.2e+07,0
chr16,22000001,EnSpm-N49,2.4e+07,0
chr16,22000001,EnSpm-N49B,2.4e+07,0
chr16,22000001,EnSpm-N49/N49B,2.4e+07,0
chr16,24000001,EnSpm-N49,2.6e+07,0
chr16,24000001,EnSpm-N49B,2.6e+07,0
chr16,24000001,EnSpm-N49/N49B,2.6e+07,0
chr16,26000001,EnSpm-N49,2.8e+07,0
chr16,26000001,EnSpm-N49B,2.8e+07,0
chr16,26000001,EnSpm-N49/N49B,2.8e+07,0
chr16,26000001,EnSpm-N49B,2.8e+07,1
chr16,28000001,EnSpm-N49,3e+07,0
chr16,28000001,EnSpm-N49B,3e+07,0
chr16,28000001,EnSpm-N49/N49B,3e+07,0
chr16,30000001,EnSpm-N49,3.2e+07,0
chr16,30000001,EnSpm-N49B,3.2e+07,0
chr16,30000001,EnSpm-N49/N49B,3.2e+07,0
chr16,32000001,EnSpm-N49,3.4e+07,0
chr16,32000001,EnSpm-N49B,3.4e+07,0
chr16,32000001,EnSpm-N49/N49B,3.4e+07,0
chr16,34000001,EnSpm-N49,3.6e+07,0
chr16,34000001,EnSpm-N49B,3.6e+07,0
chr16,34000001,EnSpm-N49/N49B,3.6e+07,0
chr16,36000001,EnSpm-N49,3.8e+07,0
chr16,36000001,EnSpm-N49B,3.8e+07,0
chr16,36000001,EnSpm-N49/N49B,3.8e+07,0
chr16,38000001,EnSpm-N49,4e+07,0
chr16,38000001,EnSpm-N49B,4e+07,0
chr16,38000001,EnSpm-N49/N49B,4e+07,0
chr16,40000001,EnSpm-N49,4.2e+07,0
chr16,40000001,EnSpm-N49B,4.2e+07,0
chr16,40000001,EnSpm-N49/N49B,4.2e+07,0
chr16,42000001,EnSpm-N49,4.4e+07,0
chr16,42000001,EnSpm-N49B,4.4e+07,0
chr16,42000001,EnSpm-N49/N49B,4.4e+07,0
chr16,44000001,EnSpm-N49,4.6e+07,0
chr16,44000001,EnSpm-N49B,4.6e+07,0
chr16,44000001,EnSpm-N49/N49B,4.6e+07,0
chr16,46000001,EnSpm-N49,4.8e+07,0
chr16,46000001,EnSpm-N49B,4.8e+07,0
chr16,46000001,EnSpm-N49/N49B,4.8e+07,0
chr16,48000001,EnSpm-N49,5e+07,0
chr16,48000001,EnSpm-N49B,5e+07,0
chr16,48000001,EnSpm-N49/N49B,5e+07,0
chr16,50000001,EnSpm-N49,5.2e+07,0
chr16,50000001,EnSpm-N49B,5.2e+07,0
chr16,50000001,EnSpm-N49/N49B,5.2e+07,0
chr16,52000001,EnSpm-N49,5.4e+07,0
chr16,52000001,EnSpm-N49B,5.4e+07,0
chr16,52000001,EnSpm-N49/N49B,5.4e+07,0
chr16,54000001,EnSpm-N49,5.6e+07,0
chr16,54000001,EnSpm-N49B,5.6e+07,0
chr16,54000001,EnSpm-N49/N49B,5.6e+07,0
chr16,56000001,EnSpm-N49,5.8e+07,0
chr16,56000001,EnSpm-N49B,5.8e+07,0
chr16,56000001,EnSpm-N49/N49B,5.8e+07,0
chr16,58000001,EnSpm-N49,6e+07,0
chr16,58000001,EnSpm-N49B,6e+07,0
chr16,58000001,EnSpm-N49/N49B,6e+07,0
chr16,60000001,EnSpm-N49,6.2e+07,0
chr16,60000001,EnSpm-N49B,6.2e+07,0
chr16,60000001,EnSpm-N49/N49B,6.2e+07,0
chr16,62000001,EnSpm-N49,6.4e+07,0
chr16,62000001,EnSpm-N49B,6.4e+07,0
chr16,62000001,EnSpm-N49/N49B,6.4e+07,0
chr16,64000001,EnSpm-N49,6.6e+07,0
chr16,64000001,EnSpm-N49B,6.6e+07,0
chr16,64000001,EnSpm-N49/N49B,6.6e+07,0
chr16,66000001,EnSpm-N49,6.8e+07,0
chr16,66000001,EnSpm-N49B,6.8e+07,0
chr16,66000001,EnSpm-N49/N49B,6.8e+07,0
chr17,1,EnSpm-N49,2e+06,0
chr17,1,EnSpm-N49B,2e+06,0
chr17,1,EnSpm-N49/N49B,2e+06,0
chr17,2000001,EnSpm-N49,4e+06,0
chr17,2000001,EnSpm-N49B,4e+06,0
chr17,2000001,EnSpm-N49/N49B,4e+06,0
chr17,4000001,EnSpm-N49,6e+06,0
chr17,4000001,EnSpm-N49B,6e+06,0
chr17,4000001,EnSpm-N49/N49B,6e+06,0
chr17,6000001,EnSpm-N49,8e+06,0
chr17,6000001,EnSpm-N49B,8e+06,0
chr17,6000001,EnSpm-N49/N49B,8e+06,0
chr17,8000001,EnSpm-N49,1e+07,0
chr17,8000001,EnSpm-N49B,1e+07,0
chr17,8000001,EnSpm-N49/N49B,1e+07,0
chr17,10000001,EnSpm-N49,1.2e+07,0
chr17,10000001,EnSpm-N49B,1.2e+07,0
chr17,10000001,EnSpm-N49/N49B,1.2e+07,0
chr17,12000001,EnSpm-N49,1.4e+07,0
chr17,12000001,EnSpm-N49B,1.4e+07,0
chr17,12000001,EnSpm-N49/N49B,1.4e+07,0
chr17,14000001,EnSpm-N49,1.6e+07,0
chr17,14000001,EnSpm-N49B,1.6e+07,0
chr17,14000001,EnSpm-N49/N49B,1.6e+07,0
chr17,16000001,EnSpm-N49,1.8e+07,0
chr17,16000001,EnSpm-N49B,1.8e+07,0
chr17,16000001,EnSpm-N49/N49B,1.8e+07,0
chr17,18000001,EnSpm-N49,2e+07,0
chr17,18000001,EnSpm-N49B,2e+07,0
chr17,18000001,EnSpm-N49/N49B,2e+07,0
chr17,18000001,EnSpm-N49/N49B,2e+07,1
chr17,20000001,EnSpm-N49,2.2e+07,0
chr17,20000001,EnSpm-N49B,2.2e+07,0
chr17,20000001,EnSpm-N49/N49B,2.2e+07,0
chr17,22000001,EnSpm-N49,2.4e+07,0
chr17,22000001,EnSpm-N49B,2.4e+07,0
chr17,22000001,EnSpm-N49/N49B,2.4e+07,0
chr17,24000001,EnSpm-N49,2.6e+07,0
chr17,24000001,EnSpm-N49B,2.6e+07,0
chr17,24000001,EnSpm-N49/N49B,2.6e+07,0
chr17,26000001,EnSpm-N49,2.8e+07,0
chr17,26000001,EnSpm-N49B,2.8e+07,0
chr17,26000001,EnSpm-N49/N49B,2.8e+07,0
chr17,28000001,EnSpm-N49,3e+07,0
chr17,28000001,EnSpm-N49B,3e+07,0
chr17,28000001,EnSpm-N49/N49B,3e+07,0
chr17,30000001,EnSpm-N49,3.2e+07,0
chr17,30000001,EnSpm-N49B,3.2e+07,0
chr17,30000001,EnSpm-N49/N49B,3.2e+07,0
chr17,32000001,EnSpm-N49,3.4e+07,0
chr17,32000001,EnSpm-N49B,3.4e+07,0
chr17,32000001,EnSpm-N49/N49B,3.4e+07,0
chr17,34000001,EnSpm-N49,3.6e+07,0
chr17,34000001,EnSpm-N49B,3.6e+07,0
chr17,34000001,EnSpm-N49/N49B,3.6e+07,0
chr17,36000001,EnSpm-N49,3.8e+07,0
chr17,36000001,EnSpm-N49B,3.8e+07,0
chr17,36000001,EnSpm-N49/N49B,3.8e+07,0
chr17,38000001,EnSpm-N49,4e+07,0
chr17,38000001,EnSpm-N49B,4e+07,0
chr17,38000001,EnSpm-N49/N49B,4e+07,0
chr17,40000001,EnSpm-N49,4.2e+07,0
chr17,40000001,EnSpm-N49B,4.2e+07,0
chr17,40000001,EnSpm-N49/N49B,4.2e+07,0
chr17,42000001,EnSpm-N49,4.4e+07,0
chr17,42000001,EnSpm-N49B,4.4e+07,0
chr17,42000001,EnSpm-N49/N49B,4.4e+07,0
chr17,44000001,EnSpm-N49,4.6e+07,0
chr17,44000001,EnSpm-N49B,4.6e+07,0
chr17,44000001,EnSpm-N49/N49B,4.6e+07,0
chr17,46000001,EnSpm-N49,4.8e+07,0
chr17,46000001,EnSpm-N49B,4.8e+07,0
chr17,46000001,EnSpm-N49/N49B,4.8e+07,0
chr17,48000001,EnSpm-N49,5e+07,0
chr17,48000001,EnSpm-N49B,5e+07,0
chr17,48000001,EnSpm-N49/N49B,5e+07,0
chr17,50000001,EnSpm-N49,5.2e+07,0
chr17,50000001,EnSpm-N49B,5.2e+07,0
chr17,50000001,EnSpm-N49/N49B,5.2e+07,0
chr17,52000001,EnSpm-N49,5.4e+07,0
chr17,52000001,EnSpm-N49B,5.4e+07,0
chr17,52000001,EnSpm-N49/N49B,5.4e+07,0
chr17,54000001,EnSpm-N49,5.6e+07,0
chr17,54000001,EnSpm-N49B,5.6e+07,0
chr17,54000001,EnSpm-N49/N49B,5.6e+07,0
chr17,56000001,EnSpm-N49,5.8e+07,0
chr17,56000001,EnSpm-N49B,5.8e+07,0
chr17,56000001,EnSpm-N49/N49B,5.8e+07,0
chr17,58000001,EnSpm-N49,6e+07,0
chr17,58000001,EnSpm-N49B,6e+07,0
chr17,58000001,EnSpm-N49/N49B,6e+07,0
chr17,60000001,EnSpm-N49,6.2e+07,0
chr17,60000001,EnSpm-N49B,6.2e+07,0
chr17,60000001,EnSpm-N49/N49B,6.2e+07,0
chr17,62000001,EnSpm-N49,6.4e+07,0
chr17,62000001,EnSpm-N49B,6.4e+07,0
chr17,62000001,EnSpm-N49/N49B,6.4e+07,0
chr17,64000001,EnSpm-N49,6.6e+07,0
chr17,64000001,EnSpm-N49B,6.6e+07,0
chr17,64000001,EnSpm-N49/N49B,6.6e+07,0
chr17,66000001,EnSpm-N49,6.8e+07,0
chr17,66000001,EnSpm-N49B,6.8e+07,0
chr17,66000001,EnSpm-N49/N49B,6.8e+07,0
chr18,1,EnSpm-N49,2e+06,0
chr18,1,EnSpm-N49B,2e+06,0
chr18,1,EnSpm-N49/N49B,2e+06,0
chr18,1,EnSpm-N49/N49B,2e+06,1
chr18,2000001,EnSpm-N49,4e+06,0
chr18,2000001,EnSpm-N49B,4e+06,0
chr18,2000001,EnSpm-N49/N49B,4e+06,0
chr18,4000001,EnSpm-N49,6e+06,0
chr18,4000001,EnSpm-N49B,6e+06,0
chr18,4000001,EnSpm-N49/N49B,6e+06,0
chr18,6000001,EnSpm-N49,8e+06,0
chr18,6000001,EnSpm-N49B,8e+06,0
chr18,6000001,EnSpm-N49/N49B,8e+06,0
chr18,8000001,EnSpm-N49,1e+07,0
chr18,8000001,EnSpm-N49B,1e+07,0
chr18,8000001,EnSpm-N49/N49B,1e+07,0
chr18,10000001,EnSpm-N49,1.2e+07,0
chr18,10000001,EnSpm-N49B,1.2e+07,0
chr18,10000001,EnSpm-N49/N49B,1.2e+07,0
chr18,12000001,EnSpm-N49,1.4e+07,0
chr18,12000001,EnSpm-N49B,1.4e+07,0
chr18,12000001,EnSpm-N49/N49B,1.4e+07,0
chr18,14000001,EnSpm-N49,1.6e+07,0
chr18,14000001,EnSpm-N49B,1.6e+07,0
chr18,14000001,EnSpm-N49/N49B,1.6e+07,0
chr18,16000001,EnSpm-N49,1.8e+07,0
chr18,16000001,EnSpm-N49B,1.8e+07,0
chr18,16000001,EnSpm-N49/N49B,1.8e+07,0
chr18,18000001,EnSpm-N49,2e+07,0
chr18,18000001,EnSpm-N49B,2e+07,0
chr18,18000001,EnSpm-N49/N49B,2e+07,0
chr18,20000001,EnSpm-N49,2.2e+07,0
chr18,20000001,EnSpm-N49B,2.2e+07,0
chr18,20000001,EnSpm-N49/N49B,2.2e+07,0
chr18,20000001,EnSpm-N49/N49B,2.2e+07,1
chr18,22000001,EnSpm-N49,2.4e+07,0
chr18,22000001,EnSpm-N49B,2.4e+07,0
chr18,22000001,EnSpm-N49/N49B,2.4e+07,0
chr18,22000001,EnSpm-N49/N49B,2.4e+07,1
chr18,24000001,EnSpm-N49,2.6e+07,0
chr18,24000001,EnSpm-N49B,2.6e+07,0
chr18,24000001,EnSpm-N49/N49B,2.6e+07,0
chr18,26000001,EnSpm-N49,2.8e+07,0
chr18,26000001,EnSpm-N49B,2.8e+07,0
chr18,26000001,EnSpm-N49/N49B,2.8e+07,0
chr18,28000001,EnSpm-N49,3e+07,0
chr18,28000001,EnSpm-N49B,3e+07,0
chr18,28000001,EnSpm-N49/N49B,3e+07,0
chr18,30000001,EnSpm-N49,3.2e+07,0
chr18,30000001,EnSpm-N49B,3.2e+07,0
chr18,30000001,EnSpm-N49/N49B,3.2e+07,0
chr18,32000001,EnSpm-N49,3.4e+07,0
chr18,32000001,EnSpm-N49B,3.4e+07,0
chr18,32000001,EnSpm-N49/N49B,3.4e+07,0
chr18,34000001,EnSpm-N49,3.6e+07,0
chr18,34000001,EnSpm-N49B,3.6e+07,0
chr18,34000001,EnSpm-N49/N49B,3.6e+07,0
chr18,34000001,EnSpm-N49B,3.6e+07,1
chr18,36000001,EnSpm-N49,3.8e+07,0
chr18,36000001,EnSpm-N49B,3.8e+07,0
chr18,36000001,EnSpm-N49/N49B,3.8e+07,0
chr18,38000001,EnSpm-N49,4e+07,0
chr18,38000001,EnSpm-N49B,4e+07,0
chr18,38000001,EnSpm-N49/N49B,4e+07,0
chr18,40000001,EnSpm-N49,4.2e+07,0
chr18,40000001,EnSpm-N49B,4.2e+07,0
chr18,40000001,EnSpm-N49/N49B,4.2e+07,0
chr18,42000001,EnSpm-N49,4.4e+07,0
chr18,42000001,EnSpm-N49B,4.4e+07,0
chr18,42000001,EnSpm-N49/N49B,4.4e+07,0
chr18,44000001,EnSpm-N49,4.6e+07,0
chr18,44000001,EnSpm-N49B,4.6e+07,0
chr18,44000001,EnSpm-N49/N49B,4.6e+07,0
chr18,46000001,EnSpm-N49,4.8e+07,0
chr18,46000001,EnSpm-N49B,4.8e+07,0
chr18,46000001,EnSpm-N49/N49B,4.8e+07,0
chr18,48000001,EnSpm-N49,5e+07,0
chr18,48000001,EnSpm-N49B,5e+07,0
chr18,48000001,EnSpm-N49/N49B,5e+07,0
chr18,50000001,EnSpm-N49,5.2e+07,0
chr18,50000001,EnSpm-N49B,5.2e+07,0
chr18,50000001,EnSpm-N49/N49B,5.2e+07,0
chr18,52000001,EnSpm-N49,5.4e+07,0
chr18,52000001,EnSpm-N49B,5.4e+07,0
chr18,52000001,EnSpm-N49/N49B,5.4e+07,0
chr18,54000001,EnSpm-N49,5.6e+07,0
chr18,54000001,EnSpm-N49B,5.6e+07,0
chr18,54000001,EnSpm-N49/N49B,5.6e+07,0
chr18,56000001,EnSpm-N49,5.8e+07,0
chr18,56000001,EnSpm-N49B,5.8e+07,0
chr18,56000001,EnSpm-N49/N49B,5.8e+07,0
chr18,58000001,EnSpm-N49,6e+07,0
chr18,58000001,EnSpm-N49B,6e+07,0
chr18,58000001,EnSpm-N49/N49B,6e+07,0
chr18,60000001,EnSpm-N49,6.2e+07,0
chr18,60000001,EnSpm-N49B,6.2e+07,0
chr18,60000001,EnSpm-N49/N49B,6.2e+07,0
chr18,62000001,EnSpm-N49,6.4e+07,0
chr18,62000001,EnSpm-N49B,6.4e+07,0
chr18,62000001,EnSpm-N49/N49B,6.4e+07,0
chr18,64000001,EnSpm-N49,6.6e+07,0
chr18,64000001,EnSpm-N49B,6.6e+07,0
chr18,64000001,EnSpm-N49/N49B,6.6e+07,0
chr18,66000001,EnSpm-N49,6.8e+07,0
chr18,66000001,EnSpm-N49B,6.8e+07,0
chr18,66000001,EnSpm-N49/N49B,6.8e+07,0
chr19,1,EnSpm-N49,2e+06,0
chr19,1,EnSpm-N49B,2e+06,0
chr19,1,EnSpm-N49/N49B,2e+06,0
chr19,2000001,EnSpm-N49,4e+06,0
chr19,2000001,EnSpm-N49B,4e+06,0
chr19,2000001,EnSpm-N49/N49B,4e+06,0
chr19,4000001,EnSpm-N49,6e+06,0
chr19,4000001,EnSpm-N49B,6e+06,0
chr19,4000001,EnSpm-N49/N49B,6e+06,0
chr19,6000001,EnSpm-N49,8e+06,0
chr19,6000001,EnSpm-N49B,8e+06,0
chr19,6000001,EnSpm-N49/N49B,8e+06,0
chr19,8000001,EnSpm-N49,1e+07,0
chr19,8000001,EnSpm-N49B,1e+07,0
chr19,8000001,EnSpm-N49/N49B,1e+07,0
chr19,10000001,EnSpm-N49,1.2e+07,0
chr19,10000001,EnSpm-N49B,1.2e+07,0
chr19,10000001,EnSpm-N49/N49B,1.2e+07,0
chr19,12000001,EnSpm-N49,1.4e+07,0
chr19,12000001,EnSpm-N49B,1.4e+07,0
chr19,12000001,EnSpm-N49/N49B,1.4e+07,0
chr19,14000001,EnSpm-N49,1.6e+07,0
chr19,14000001,EnSpm-N49B,1.6e+07,0
chr19,14000001,EnSpm-N49/N49B,1.6e+07,0
chr19,16000001,EnSpm-N49,1.8e+07,0
chr19,16000001,EnSpm-N49B,1.8e+07,0
chr19,16000001,EnSpm-N49/N49B,1.8e+07,0
chr19,18000001,EnSpm-N49,2e+07,0
chr19,18000001,EnSpm-N49B,2e+07,0
chr19,18000001,EnSpm-N49/N49B,2e+07,0
chr19,20000001,EnSpm-N49,2.2e+07,0
chr19,20000001,EnSpm-N49B,2.2e+07,0
chr19,20000001,EnSpm-N49/N49B,2.2e+07,0
chr19,22000001,EnSpm-N49,2.4e+07,0
chr19,22000001,EnSpm-N49B,2.4e+07,0
chr19,22000001,EnSpm-N49/N49B,2.4e+07,0
chr19,24000001,EnSpm-N49,2.6e+07,0
chr19,24000001,EnSpm-N49B,2.6e+07,0
chr19,24000001,EnSpm-N49/N49B,2.6e+07,0
chr19,26000001,EnSpm-N49,2.8e+07,0
chr19,26000001,EnSpm-N49B,2.8e+07,0
chr19,26000001,EnSpm-N49/N49B,2.8e+07,0
chr19,28000001,EnSpm-N49,3e+07,0
chr19,28000001,EnSpm-N49B,3e+07,0
chr19,28000001,EnSpm-N49/N49B,3e+07,0
chr19,30000001,EnSpm-N49,3.2e+07,0
chr19,30000001,EnSpm-N49B,3.2e+07,0
chr19,30000001,EnSpm-N49/N49B,3.2e+07,0
chr19,32000001,EnSpm-N49,3.4e+07,0
chr19,32000001,EnSpm-N49B,3.4e+07,0
chr19,32000001,EnSpm-N49/N49B,3.4e+07,0
chr19,34000001,EnSpm-N49,3.6e+07,0
chr19,34000001,EnSpm-N49B,3.6e+07,0
chr19,34000001,EnSpm-N49/N49B,3.6e+07,0
chr19,36000001,EnSpm-N49,3.8e+07,0
chr19,36000001,EnSpm-N49B,3.8e+07,0
chr19,36000001,EnSpm-N49/N49B,3.8e+07,0
chr19,38000001,EnSpm-N49,4e+07,0
chr19,38000001,EnSpm-N49B,4e+07,0
chr19,38000001,EnSpm-N49/N49B,4e+07,0
chr19,40000001,EnSpm-N49,4.2e+07,0
chr19,40000001,EnSpm-N49B,4.2e+07,0
chr19,40000001,EnSpm-N49/N49B,4.2e+07,0
chr19,42000001,EnSpm-N49,4.4e+07,0
chr19,42000001,EnSpm-N49B,4.4e+07,0
chr19,42000001,EnSpm-N49/N49B,4.4e+07,0
chr19,44000001,EnSpm-N49,4.6e+07,0
chr19,44000001,EnSpm-N49B,4.6e+07,0
chr19,44000001,EnSpm-N49/N49B,4.6e+07,0
chr19,46000001,EnSpm-N49,4.8e+07,0
chr19,46000001,EnSpm-N49B,4.8e+07,0
chr19,46000001,EnSpm-N49/N49B,4.8e+07,0
chr19,48000001,EnSpm-N49,5e+07,0
chr19,48000001,EnSpm-N49B,5e+07,0
chr19,48000001,EnSpm-N49/N49B,5e+07,0
chr19,50000001,EnSpm-N49,5.2e+07,0
chr19,50000001,EnSpm-N49B,5.2e+07,0
chr19,50000001,EnSpm-N49/N49B,5.2e+07,0
chr19,52000001,EnSpm-N49,5.4e+07,0
chr19,52000001,EnSpm-N49B,5.4e+07,0
chr19,52000001,EnSpm-N49/N49B,5.4e+07,0
chr19,54000001,EnSpm-N49,5.6e+07,0
chr19,54000001,EnSpm-N49B,5.6e+07,0
chr19,54000001,EnSpm-N49/N49B,5.6e+07,0
chr19,56000001,EnSpm-N49,5.8e+07,0
chr19,56000001,EnSpm-N49B,5.8e+07,0
chr19,56000001,EnSpm-N49/N49B,5.8e+07,0
chr19,58000001,EnSpm-N49,6e+07,0
chr19,58000001,EnSpm-N49B,6e+07,0
chr19,58000001,EnSpm-N49/N49B,6e+07,0
chr19,60000001,EnSpm-N49,6.2e+07,0
chr19,60000001,EnSpm-N49B,6.2e+07,0
chr19,60000001,EnSpm-N49/N49B,6.2e+07,0
chr19,62000001,EnSpm-N49,6.4e+07,0
chr19,62000001,EnSpm-N49B,6.4e+07,0
chr19,62000001,EnSpm-N49/N49B,6.4e+07,0
chr19,64000001,EnSpm-N49,6.6e+07,0
chr19,64000001,EnSpm-N49B,6.6e+07,0
chr19,64000001,EnSpm-N49/N49B,6.6e+07,0
chr19,66000001,EnSpm-N49,6.8e+07,0
chr19,66000001,EnSpm-N49B,6.8e+07,0
chr19,66000001,EnSpm-N49/N49B,6.8e+07,0
chr20,1,EnSpm-N49,2e+06,0
chr20,1,EnSpm-N49B,2e+06,0
chr20,1,EnSpm-N49/N49B,2e+06,0
chr20,2000001,EnSpm-N49,4e+06,0
chr20,2000001,EnSpm-N49B,4e+06,0
chr20,2000001,EnSpm-N49/N49B,4e+06,0
chr20,2000001,EnSpm-N49/N49B,4e+06,1
chr20,4000001,EnSpm-N49,6e+06,0
chr20,4000001,EnSpm-N49B,6e+06,0
chr20,4000001,EnSpm-N49/N49B,6e+06,0
chr20,6000001,EnSpm-N49,8e+06,0
chr20,6000001,EnSpm-N49B,8e+06,0
chr20,6000001,EnSpm-N49/N49B,8e+06,0
chr20,8000001,EnSpm-N49,1e+07,0
chr20,8000001,EnSpm-N49B,1e+07,0
chr20,8000001,EnSpm-N49/N49B,1e+07,0
chr20,10000001,EnSpm-N49,1.2e+07,0
chr20,10000001,EnSpm-N49B,1.2e+07,0
chr20,10000001,EnSpm-N49/N49B,1.2e+07,0
chr20,12000001,EnSpm-N49,1.4e+07,0
chr20,12000001,EnSpm-N49B,1.4e+07,0
chr20,12000001,EnSpm-N49/N49B,1.4e+07,0
chr20,14000001,EnSpm-N49,1.6e+07,0
chr20,14000001,EnSpm-N49B,1.6e+07,0
chr20,14000001,EnSpm-N49/N49B,1.6e+07,0
chr20,16000001,EnSpm-N49,1.8e+07,0
chr20,16000001,EnSpm-N49B,1.8e+07,0
chr20,16000001,EnSpm-N49/N49B,1.8e+07,0
chr20,18000001,EnSpm-N49,2e+07,0
chr20,18000001,EnSpm-N49B,2e+07,0
chr20,18000001,EnSpm-N49/N49B,2e+07,0
chr20,20000001,EnSpm-N49,2.2e+07,0
chr20,20000001,EnSpm-N49B,2.2e+07,0
chr20,20000001,EnSpm-N49/N49B,2.2e+07,0
chr20,22000001,EnSpm-N49,2.4e+07,0
chr20,22000001,EnSpm-N49B,2.4e+07,0
chr20,22000001,EnSpm-N49/N49B,2.4e+07,0
chr20,24000001,EnSpm-N49,2.6e+07,0
chr20,24000001,EnSpm-N49B,2.6e+07,0
chr20,24000001,EnSpm-N49/N49B,2.6e+07,0
chr20,26000001,EnSpm-N49,2.8e+07,0
chr20,26000001,EnSpm-N49B,2.8e+07,0
chr20,26000001,EnSpm-N49/N49B,2.8e+07,0
chr20,26000001,EnSpm-N49/N49B,2.8e+07,1
chr20,28000001,EnSpm-N49,3e+07,0
chr20,28000001,EnSpm-N49B,3e+07,0
chr20,28000001,EnSpm-N49/N49B,3e+07,0
chr20,30000001,EnSpm-N49,3.2e+07,0
chr20,30000001,EnSpm-N49B,3.2e+07,0
chr20,30000001,EnSpm-N49/N49B,3.2e+07,0
chr20,30000001,EnSpm-N49/N49B,3.2e+07,1
chr20,32000001,EnSpm-N49,3.4e+07,0
chr20,32000001,EnSpm-N49B,3.4e+07,0
chr20,32000001,EnSpm-N49/N49B,3.4e+07,0
chr20,34000001,EnSpm-N49,3.6e+07,0
chr20,34000001,EnSpm-N49B,3.6e+07,0
chr20,34000001,EnSpm-N49/N49B,3.6e+07,0
chr20,34000001,EnSpm-N49,3.6e+07,1
chr20,36000001,EnSpm-N49,3.8e+07,0
chr20,36000001,EnSpm-N49B,3.8e+07,0
chr20,36000001,EnSpm-N49/N49B,3.8e+07,0
chr20,38000001,EnSpm-N49,4e+07,0
chr20,38000001,EnSpm-N49B,4e+07,0
chr20,38000001,EnSpm-N49/N49B,4e+07,0
chr20,40000001,EnSpm-N49,4.2e+07,0
chr20,40000001,EnSpm-N49B,4.2e+07,0
chr20,40000001,EnSpm-N49/N49B,4.2e+07,0
chr20,42000001,EnSpm-N49,4.4e+07,0
chr20,42000001,EnSpm-N49B,4.4e+07,0
chr20,42000001,EnSpm-N49/N49B,4.4e+07,0
chr20,44000001,EnSpm-N49,4.6e+07,0
chr20,44000001,EnSpm-N49B,4.6e+07,0
chr20,44000001,EnSpm-N49/N49B,4.6e+07,0
chr20,46000001,EnSpm-N49,4.8e+07,0
chr20,46000001,EnSpm-N49B,4.8e+07,0
chr20,46000001,EnSpm-N49/N49B,4.8e+07,0
chr20,48000001,EnSpm-N49,5e+07,0
chr20,48000001,EnSpm-N49B,5e+07,0
chr20,48000001,EnSpm-N49/N49B,5e+07,0
chr20,50000001,EnSpm-N49,5.2e+07,0
chr20,50000001,EnSpm-N49B,5.2e+07,0
chr20,50000001,EnSpm-N49/N49B,5.2e+07,0
chr20,52000001,EnSpm-N49,5.4e+07,0
chr20,52000001,EnSpm-N49B,5.4e+07,0
chr20,52000001,EnSpm-N49/N49B,5.4e+07,0
chr20,54000001,EnSpm-N49,5.6e+07,0
chr20,54000001,EnSpm-N49B,5.6e+07,0
chr20,54000001,EnSpm-N49/N49B,5.6e+07,0
chr20,56000001,EnSpm-N49,5.8e+07,0
chr20,56000001,EnSpm-N49B,5.8e+07,0
chr20,56000001,EnSpm-N49/N49B,5.8e+07,0
chr20,58000001,EnSpm-N49,6e+07,0
chr20,58000001,EnSpm-N49B,6e+07,0
chr20,58000001,EnSpm-N49/N49B,6e+07,0
chr20,60000001,EnSpm-N49,6.2e+07,0
chr20,60000001,EnSpm-N49B,6.2e+07,0
chr20,60000001,EnSpm-N49/N49B,6.2e+07,0
chr20,62000001,EnSpm-N49,6.4e+07,0
chr20,62000001,EnSpm-N49B,6.4e+07,0
chr20,62000001,EnSpm-N49/N49B,6.4e+07,0
chr20,64000001,EnSpm-N49,6.6e+07,0
chr20,64000001,EnSpm-N49B,6.6e+07,0
chr20,64000001,EnSpm-N49/N49B,6.6e+07,0
chr20,66000001,EnSpm-N49,6.8e+07,0
chr20,66000001,EnSpm-N49B,6.8e+07,0
chr20,66000001,EnSpm-N49/N49B,6.8e+07,0
chr21,1,EnSpm-N49,2e+06,0
chr21,1,EnSpm-N49B,2e+06,0
chr21,1,EnSpm-N49/N49B,2e+06,0
chr21,2000001,EnSpm-N49,4e+06,0
chr21,2000001,EnSpm-N49B,4e+06,0
chr21,2000001,EnSpm-N49/N49B,4e+06,0
chr21,4000001,EnSpm-N49,6e+06,0
chr21,4000001,EnSpm-N49B,6e+06,0
chr21,4000001,EnSpm-N49/N49B,6e+06,0
chr21,6000001,EnSpm-N49,8e+06,0
chr21,6000001,EnSpm-N49B,8e+06,0
chr21,6000001,EnSpm-N49/N49B,8e+06,0
chr21,8000001,EnSpm-N49,1e+07,0
chr21,8000001,EnSpm-N49B,1e+07,0
chr21,8000001,EnSpm-N49/N49B,1e+07,0
chr21,10000001,EnSpm-N49,1.2e+07,0
chr21,10000001,EnSpm-N49B,1.2e+07,0
chr21,10000001,EnSpm-N49/N49B,1.2e+07,0
chr21,12000001,EnSpm-N49,1.4e+07,0
chr21,12000001,EnSpm-N49B,1.4e+07,0
chr21,12000001,EnSpm-N49/N49B,1.4e+07,0
chr21,14000001,EnSpm-N49,1.6e+07,0
chr21,14000001,EnSpm-N49B,1.6e+07,0
chr21,14000001,EnSpm-N49/N49B,1.6e+07,0
chr21,14000001,EnSpm-N49/N49B,1.6e+07,1
chr21,16000001,EnSpm-N49,1.8e+07,0
chr21,16000001,EnSpm-N49B,1.8e+07,0
chr21,16000001,EnSpm-N49/N49B,1.8e+07,0
chr21,18000001,EnSpm-N49,2e+07,0
chr21,18000001,EnSpm-N49B,2e+07,0
chr21,18000001,EnSpm-N49/N49B,2e+07,0
chr21,20000001,EnSpm-N49,2.2e+07,0
chr21,20000001,EnSpm-N49B,2.2e+07,0
chr21,20000001,EnSpm-N49/N49B,2.2e+07,0
chr21,20000001,EnSpm-N49/N49B,2.2e+07,1
chr21,22000001,EnSpm-N49,2.4e+07,0
chr21,22000001,EnSpm-N49B,2.4e+07,0
chr21,22000001,EnSpm-N49/N49B,2.4e+07,0
chr21,24000001,EnSpm-N49,2.6e+07,0
chr21,24000001,EnSpm-N49B,2.6e+07,0
chr21,24000001,EnSpm-N49/N49B,2.6e+07,0
chr21,26000001,EnSpm-N49,2.8e+07,0
chr21,26000001,EnSpm-N49B,2.8e+07,0
chr21,26000001,EnSpm-N49/N49B,2.8e+07,0
chr21,28000001,EnSpm-N49,3e+07,0
chr21,28000001,EnSpm-N49B,3e+07,0
chr21,28000001,EnSpm-N49/N49B,3e+07,0
chr21,30000001,EnSpm-N49,3.2e+07,0
chr21,30000001,EnSpm-N49B,3.2e+07,0
chr21,30000001,EnSpm-N49/N49B,3.2e+07,0
chr21,32000001,EnSpm-N49,3.4e+07,0
chr21,32000001,EnSpm-N49B,3.4e+07,0
chr21,32000001,EnSpm-N49/N49B,3.4e+07,0
chr21,34000001,EnSpm-N49,3.6e+07,0
chr21,34000001,EnSpm-N49B,3.6e+07,0
chr21,34000001,EnSpm-N49/N49B,3.6e+07,0
chr21,36000001,EnSpm-N49,3.8e+07,0
chr21,36000001,EnSpm-N49B,3.8e+07,0
chr21,36000001,EnSpm-N49/N49B,3.8e+07,0
chr21,38000001,EnSpm-N49,4e+07,0
chr21,38000001,EnSpm-N49B,4e+07,0
chr21,38000001,EnSpm-N49/N49B,4e+07,0
chr21,40000001,EnSpm-N49,4.2e+07,0
chr21,40000001,EnSpm-N49B,4.2e+07,0
chr21,40000001,EnSpm-N49/N49B,4.2e+07,0
chr21,42000001,EnSpm-N49,4.4e+07,0
chr21,42000001,EnSpm-N49B,4.4e+07,0
chr21,42000001,EnSpm-N49/N49B,4.4e+07,0
chr21,44000001,EnSpm-N49,4.6e+07,0
chr21,44000001,EnSpm-N49B,4.6e+07,0
chr21,44000001,EnSpm-N49/N49B,4.6e+07,0
chr21,46000001,EnSpm-N49,4.8e+07,0
chr21,46000001,EnSpm-N49B,4.8e+07,0
chr21,46000001,EnSpm-N49/N49B,4.8e+07,0
chr21,48000001,EnSpm-N49,5e+07,0
chr21,48000001,EnSpm-N49B,5e+07,0
chr21,48000001,EnSpm-N49/N49B,5e+07,0
chr21,50000001,EnSpm-N49,5.2e+07,0
chr21,50000001,EnSpm-N49B,5.2e+07,0
chr21,50000001,EnSpm-N49/N49B,5.2e+07,0
chr21,52000001,EnSpm-N49,5.4e+07,0
chr21,52000001,EnSpm-N49B,5.4e+07,0
chr21,52000001,EnSpm-N49/N49B,5.4e+07,0
chr21,54000001,EnSpm-N49,5.6e+07,0
chr21,54000001,EnSpm-N49B,5.6e+07,0
chr21,54000001,EnSpm-N49/N49B,5.6e+07,0
chr21,56000001,EnSpm-N49,5.8e+07,0
chr21,56000001,EnSpm-N49B,5.8e+07,0
chr21,56000001,EnSpm-N49/N49B,5.8e+07,0
chr21,58000001,EnSpm-N49,6e+07,0
chr21,58000001,EnSpm-N49B,6e+07,0
chr21,58000001,EnSpm-N49/N49B,6e+07,0
chr21,60000001,EnSpm-N49,6.2e+07,0
chr21,60000001,EnSpm-N49B,6.2e+07,0
chr21,60000001,EnSpm-N49/N49B,6.2e+07,0
chr21,62000001,EnSpm-N49,6.4e+07,0
chr21,62000001,EnSpm-N49B,6.4e+07,0
chr21,62000001,EnSpm-N49/N49B,6.4e+07,0
chr21,64000001,EnSpm-N49,6.6e+07,0
chr21,64000001,EnSpm-N49B,6.6e+07,0
chr21,64000001,EnSpm-N49/N49B,6.6e+07,0
chr21,66000001,EnSpm-N49,6.8e+07,0
chr21,66000001,EnSpm-N49B,6.8e+07,0
chr21,66000001,EnSpm-N49/N49B,6.8e+07,0
chr22,1,EnSpm-N49,2e+06,0
chr22,1,EnSpm-N49B,2e+06,0
chr22,1,EnSpm-N49/N49B,2e+06,0
chr22,2000001,EnSpm-N49,4e+06,0
chr22,2000001,EnSpm-N49B,4e+06,0
chr22,2000001,EnSpm-N49/N49B,4e+06,0
chr22,4000001,EnSpm-N49,6e+06,0
chr22,4000001,EnSpm-N49B,6e+06,0
chr22,4000001,EnSpm-N49/N49B,6e+06,0
chr22,6000001,EnSpm-N49,8e+06,0
chr22,6000001,EnSpm-N49B,8e+06,0
chr22,6000001,EnSpm-N49/N49B,8e+06,0
chr22,6000001,EnSpm-N49/N49B,8e+06,1
chr22,8000001,EnSpm-N49,1e+07,0
chr22,8000001,EnSpm-N49B,1e+07,0
chr22,8000001,EnSpm-N49/N49B,1e+07,0
chr22,10000001,EnSpm-N49,1.2e+07,0
chr22,10000001,EnSpm-N49B,1.2e+07,0
chr22,10000001,EnSpm-N49/N49B,1.2e+07,0
chr22,12000001,EnSpm-N49,1.4e+07,0
chr22,12000001,EnSpm-N49B,1.4e+07,0
chr22,12000001,EnSpm-N49/N49B,1.4e+07,0
chr22,14000001,EnSpm-N49,1.6e+07,0
chr22,14000001,EnSpm-N49B,1.6e+07,0
chr22,14000001,EnSpm-N49/N49B,1.6e+07,0
chr22,16000001,EnSpm-N49,1.8e+07,0
chr22,16000001,EnSpm-N49B,1.8e+07,0
chr22,16000001,EnSpm-N49/N49B,1.8e+07,0
chr22,18000001,EnSpm-N49,2e+07,0
chr22,18000001,EnSpm-N49B,2e+07,0
chr22,18000001,EnSpm-N49/N49B,2e+07,0
chr22,18000001,EnSpm-N49/N49B,2e+07,1
chr22,20000001,EnSpm-N49,2.2e+07,0
chr22,20000001,EnSpm-N49B,2.2e+07,0
chr22,20000001,EnSpm-N49/N49B,2.2e+07,0
chr22,22000001,EnSpm-N49,2.4e+07,0
chr22,22000001,EnSpm-N49B,2.4e+07,0
chr22,22000001,EnSpm-N49/N49B,2.4e+07,0
chr22,24000001,EnSpm-N49,2.6e+07,0
chr22,24000001,EnSpm-N49B,2.6e+07,0
chr22,24000001,EnSpm-N49/N49B,2.6e+07,0
chr22,26000001,EnSpm-N49,2.8e+07,0
chr22,26000001,EnSpm-N49B,2.8e+07,0
chr22,26000001,EnSpm-N49/N49B,2.8e+07,0
chr22,28000001,EnSpm-N49,3e+07,0
chr22,28000001,EnSpm-N49B,3e+07,0
chr22,28000001,EnSpm-N49/N49B,3e+07,0
chr22,30000001,EnSpm-N49,3.2e+07,0
chr22,30000001,EnSpm-N49B,3.2e+07,0
chr22,30000001,EnSpm-N49/N49B,3.2e+07,0
chr22,30000001,EnSpm-N49/N49B,3.2e+07,1
chr22,32000001,EnSpm-N49,3.4e+07,0
chr22,32000001,EnSpm-N49B,3.4e+07,0
chr22,32000001,EnSpm-N49/N49B,3.4e+07,0
chr22,34000001,EnSpm-N49,3.6e+07,0
chr22,34000001,EnSpm-N49B,3.6e+07,0
chr22,34000001,EnSpm-N49/N49B,3.6e+07,0
chr22,36000001,EnSpm-N49,3.8e+07,0
chr22,36000001,EnSpm-N49B,3.8e+07,0
chr22,36000001,EnSpm-N49/N49B,3.8e+07,0
chr22,38000001,EnSpm-N49,4e+07,0
chr22,38000001,EnSpm-N49B,4e+07,0
chr22,38000001,EnSpm-N49/N49B,4e+07,0
chr22,40000001,EnSpm-N49,4.2e+07,0
chr22,40000001,EnSpm-N49B,4.2e+07,0
chr22,40000001,EnSpm-N49/N49B,4.2e+07,0
chr22,42000001,EnSpm-N49,4.4e+07,0
chr22,42000001,EnSpm-N49B,4.4e+07,0
chr22,42000001,EnSpm-N49/N49B,4.4e+07,0
chr22,44000001,EnSpm-N49,4.6e+07,0
chr22,44000001,EnSpm-N49B,4.6e+07,0
chr22,44000001,EnSpm-N49/N49B,4.6e+07,0
chr22,46000001,EnSpm-N49,4.8e+07,0
chr22,46000001,EnSpm-N49B,4.8e+07,0
chr22,46000001,EnSpm-N49/N49B,4.8e+07,0
chr22,48000001,EnSpm-N49,5e+07,0
chr22,48000001,EnSpm-N49B,5e+07,0
chr22,48000001,EnSpm-N49/N49B,5e+07,0
chr22,50000001,EnSpm-N49,5.2e+07,0
chr22,50000001,EnSpm-N49B,5.2e+07,0
chr22,50000001,EnSpm-N49/N49B,5.2e+07,0
chr22,52000001,EnSpm-N49,5.4e+07,0
chr22,52000001,EnSpm-N49B,5.4e+07,0
chr22,52000001,EnSpm-N49/N49B,5.4e+07,0
chr22,54000001,EnSpm-N49,5.6e+07,0
chr22,54000001,EnSpm-N49B,5.6e+07,0
chr22,54000001,EnSpm-N49/N49B,5.6e+07,0
chr22,56000001,EnSpm-N49,5.8e+07,0
chr22,56000001,EnSpm-N49B,5.8e+07,0
chr22,56000001,EnSpm-N49/N49B,5.8e+07,0
chr22,58000001,EnSpm-N49,6e+07,0
chr22,58000001,EnSpm-N49B,6e+07,0
chr22,58000001,EnSpm-N49/N49B,6e+07,0
chr22,60000001,EnSpm-N49,6.2e+07,0
chr22,60000001,EnSpm-N49B,6.2e+07,0
chr22,60000001,EnSpm-N49/N49B,6.2e+07,0
chr22,62000001,EnSpm-N49,6.4e+07,0
chr22,62000001,EnSpm-N49B,6.4e+07,0
chr22,62000001,EnSpm-N49/N49B,6.4e+07,0
chr22,64000001,EnSpm-N49,6.6e+07,0
chr22,64000001,EnSpm-N49B,6.6e+07,0
chr22,64000001,EnSpm-N49/N49B,6.6e+07,0
chr22,66000001,EnSpm-N49,6.8e+07,0
chr22,66000001,EnSpm-N49B,6.8e+07,0
chr22,66000001,EnSpm-N49/N49B,6.8e+07,0
chr23,1,EnSpm-N49,2e+06,0
chr23,1,EnSpm-N49B,2e+06,0
chr23,1,EnSpm-N49/N49B,2e+06,0
chr23,2000001,EnSpm-N49,4e+06,0
chr23,2000001,EnSpm-N49B,4e+06,0
chr23,2000001,EnSpm-N49/N49B,4e+06,0
chr23,4000001,EnSpm-N49,6e+06,0
chr23,4000001,EnSpm-N49B,6e+06,0
chr23,4000001,EnSpm-N49/N49B,6e+06,0
chr23,6000001,EnSpm-N49,8e+06,0
chr23,6000001,EnSpm-N49B,8e+06,0
chr23,6000001,EnSpm-N49/N49B,8e+06,0
chr23,8000001,EnSpm-N49,1e+07,0
chr23,8000001,EnSpm-N49B,1e+07,0
chr23,8000001,EnSpm-N49/N49B,1e+07,0
chr23,10000001,EnSpm-N49,1.2e+07,0
chr23,10000001,EnSpm-N49B,1.2e+07,0
chr23,10000001,EnSpm-N49/N49B,1.2e+07,0
chr23,12000001,EnSpm-N49,1.4e+07,0
chr23,12000001,EnSpm-N49B,1.4e+07,0
chr23,12000001,EnSpm-N49/N49B,1.4e+07,0
chr23,14000001,EnSpm-N49,1.6e+07,0
chr23,14000001,EnSpm-N49B,1.6e+07,0
chr23,14000001,EnSpm-N49/N49B,1.6e+07,0
chr23,16000001,EnSpm-N49,1.8e+07,0
chr23,16000001,EnSpm-N49B,1.8e+07,0
chr23,16000001,EnSpm-N49/N49B,1.8e+07,0
chr23,18000001,EnSpm-N49,2e+07,0
chr23,18000001,EnSpm-N49B,2e+07,0
chr23,18000001,EnSpm-N49/N49B,2e+07,0
chr23,20000001,EnSpm-N49,2.2e+07,0
chr23,20000001,EnSpm-N49B,2.2e+07,0
chr23,20000001,EnSpm-N49/N49B,2.2e+07,0
chr23,22000001,EnSpm-N49,2.4e+07,0
chr23,22000001,EnSpm-N49B,2.4e+07,0
chr23,22000001,EnSpm-N49/N49B,2.4e+07,0
chr23,24000001,EnSpm-N49,2.6e+07,0
chr23,24000001,EnSpm-N49B,2.6e+07,0
chr23,24000001,EnSpm-N49/N49B,2.6e+07,0
chr23,26000001,EnSpm-N49,2.8e+07,0
chr23,26000001,EnSpm-N49B,2.8e+07,0
chr23,26000001,EnSpm-N49/N49B,2.8e+07,0
chr23,28000001,EnSpm-N49,3e+07,0
chr23,28000001,EnSpm-N49B,3e+07,0
chr23,28000001,EnSpm-N49/N49B,3e+07,0
chr23,30000001,EnSpm-N49,3.2e+07,0
chr23,30000001,EnSpm-N49B,3.2e+07,0
chr23,30000001,EnSpm-N49/N49B,3.2e+07,0
chr23,32000001,EnSpm-N49,3.4e+07,0
chr23,32000001,EnSpm-N49B,3.4e+07,0
chr23,32000001,EnSpm-N49/N49B,3.4e+07,0
chr23,34000001,EnSpm-N49,3.6e+07,0
chr23,34000001,EnSpm-N49B,3.6e+07,0
chr23,34000001,EnSpm-N49/N49B,3.6e+07,0
chr23,36000001,EnSpm-N49,3.8e+07,0
chr23,36000001,EnSpm-N49B,3.8e+07,0
chr23,36000001,EnSpm-N49/N49B,3.8e+07,0
chr23,38000001,EnSpm-N49,4e+07,0
chr23,38000001,EnSpm-N49B,4e+07,0
chr23,38000001,EnSpm-N49/N49B,4e+07,0
chr23,40000001,EnSpm-N49,4.2e+07,0
chr23,40000001,EnSpm-N49B,4.2e+07,0
chr23,40000001,EnSpm-N49/N49B,4.2e+07,0
chr23,42000001,EnSpm-N49,4.4e+07,0
chr23,42000001,EnSpm-N49B,4.4e+07,0
chr23,42000001,EnSpm-N49/N49B,4.4e+07,0
chr23,44000001,EnSpm-N49,4.6e+07,0
chr23,44000001,EnSpm-N49B,4.6e+07,0
chr23,44000001,EnSpm-N49/N49B,4.6e+07,0
chr23,46000001,EnSpm-N49,4.8e+07,0
chr23,46000001,EnSpm-N49B,4.8e+07,0
chr23,46000001,EnSpm-N49/N49B,4.8e+07,0
chr23,48000001,EnSpm-N49,5e+07,0
chr23,48000001,EnSpm-N49B,5e+07,0
chr23,48000001,EnSpm-N49/N49B,5e+07,0
chr23,50000001,EnSpm-N49,5.2e+07,0
chr23,50000001,EnSpm-N49B,5.2e+07,0
chr23,50000001,EnSpm-N49/N49B,5.2e+07,0
chr23,52000001,EnSpm-N49,5.4e+07,0
chr23,52000001,EnSpm-N49B,5.4e+07,0
chr23,52000001,EnSpm-N49/N49B,5.4e+07,0
chr23,54000001,EnSpm-N49,5.6e+07,0
chr23,54000001,EnSpm-N49B,5.6e+07,0
chr23,54000001,EnSpm-N49/N49B,5.6e+07,0
chr23,56000001,EnSpm-N49,5.8e+07,0
chr23,56000001,EnSpm-N49B,5.8e+07,0
chr23,56000001,EnSpm-N49/N49B,5.8e+07,0
chr23,58000001,EnSpm-N49,6e+07,0
chr23,58000001,EnSpm-N49B,6e+07,0
chr23,58000001,EnSpm-N49/N49B,6e+07,0
chr23,60000001,EnSpm-N49,6.2e+07,0
chr23,60000001,EnSpm-N49B,6.2e+07,0
chr23,60000001,EnSpm-N49/N49B,6.2e+07,0
chr23,62000001,EnSpm-N49,6.4e+07,0
chr23,62000001,EnSpm-N49B,6.4e+07,0
chr23,62000001,EnSpm-N49/N49B,6.4e+07,0
chr23,64000001,EnSpm-N49,6.6e+07,0
chr23,64000001,EnSpm-N49B,6.6e+07,0
chr23,64000001,EnSpm-N49/N49B,6.6e+07,0
chr23,66000001,EnSpm-N49,6.8e+07,0
chr23,66000001,EnSpm-N49B,6.8e+07,0
chr23,66000001,EnSpm-N49/N49B,6.8e+07,0
chr24,1,EnSpm-N49,2e+06,0
chr24,1,EnSpm-N49B,2e+06,0
chr24,1,EnSpm-N49/N49B,2e+06,0
chr24,2000001,EnSpm-N49,4e+06,0
chr24,2000001,EnSpm-N49B,4e+06,0
chr24,2000001,EnSpm-N49/N49B,4e+06,0
chr24,4000001,EnSpm-N49,6e+06,0
chr24,4000001,EnSpm-N49B,6e+06,0
chr24,4000001,EnSpm-N49/N49B,6e+06,0
chr24,6000001,EnSpm-N49,8e+06,0
chr24,6000001,EnSpm-N49B,8e+06,0
chr24,6000001,EnSpm-N49/N49B,8e+06,0
chr24,8000001,EnSpm-N49,1e+07,0
chr24,8000001,EnSpm-N49B,1e+07,0
chr24,8000001,EnSpm-N49/N49B,1e+07,0
chr24,10000001,EnSpm-N49,1.2e+07,0
chr24,10000001,EnSpm-N49B,1.2e+07,0
chr24,10000001,EnSpm-N49/N49B,1.2e+07,0
chr24,12000001,EnSpm-N49,1.4e+07,0
chr24,12000001,EnSpm-N49B,1.4e+07,0
chr24,12000001,EnSpm-N49/N49B,1.4e+07,0
chr24,14000001,EnSpm-N49,1.6e+07,0
chr24,14000001,EnSpm-N49B,1.6e+07,0
chr24,14000001,EnSpm-N49/N49B,1.6e+07,0
chr24,16000001,EnSpm-N49,1.8e+07,0
chr24,16000001,EnSpm-N49B,1.8e+07,0
chr24,16000001,EnSpm-N49/N49B,1.8e+07,0
chr24,18000001,EnSpm-N49,2e+07,0
chr24,18000001,EnSpm-N49B,2e+07,0
chr24,18000001,EnSpm-N49/N49B,2e+07,0
chr24,20000001,EnSpm-N49,2.2e+07,0
chr24,20000001,EnSpm-N49B,2.2e+07,0
chr24,20000001,EnSpm-N49/N49B,2.2e+07,0
chr24,20000001,EnSpm-N49/N49B,2.2e+07,1
chr24,22000001,EnSpm-N49,2.4e+07,0
chr24,22000001,EnSpm-N49B,2.4e+07,0
chr24,22000001,EnSpm-N49/N49B,2.4e+07,0
chr24,24000001,EnSpm-N49,2.6e+07,0
chr24,24000001,EnSpm-N49B,2.6e+07,0
chr24,24000001,EnSpm-N49/N49B,2.6e+07,0
chr24,24000001,EnSpm-N49/N49B,2.6e+07,1
chr24,26000001,EnSpm-N49,2.8e+07,0
chr24,26000001,EnSpm-N49B,2.8e+07,0
chr24,26000001,EnSpm-N49/N49B,2.8e+07,0
chr24,28000001,EnSpm-N49,3e+07,0
chr24,28000001,EnSpm-N49B,3e+07,0
chr24,28000001,EnSpm-N49/N49B,3e+07,0
chr24,30000001,EnSpm-N49,3.2e+07,0
chr24,30000001,EnSpm-N49B,3.2e+07,0
chr24,30000001,EnSpm-N49/N49B,3.2e+07,0
chr24,32000001,EnSpm-N49,3.4e+07,0
chr24,32000001,EnSpm-N49B,3.4e+07,0
chr24,32000001,EnSpm-N49/N49B,3.4e+07,0
chr24,34000001,EnSpm-N49,3.6e+07,0
chr24,34000001,EnSpm-N49B,3.6e+07,0
chr24,34000001,EnSpm-N49/N49B,3.6e+07,0
chr24,36000001,EnSpm-N49,3.8e+07,0
chr24,36000001,EnSpm-N49B,3.8e+07,0
chr24,36000001,EnSpm-N49/N49B,3.8e+07,0
chr24,38000001,EnSpm-N49,4e+07,0
chr24,38000001,EnSpm-N49B,4e+07,0
chr24,38000001,EnSpm-N49/N49B,4e+07,0
chr24,40000001,EnSpm-N49,4.2e+07,0
chr24,40000001,EnSpm-N49B,4.2e+07,0
chr24,40000001,EnSpm-N49/N49B,4.2e+07,0
chr24,42000001,EnSpm-N49,4.4e+07,0
chr24,42000001,EnSpm-N49B,4.4e+07,0
chr24,42000001,EnSpm-N49/N49B,4.4e+07,0
chr24,44000001,EnSpm-N49,4.6e+07,0
chr24,44000001,EnSpm-N49B,4.6e+07,0
chr24,44000001,EnSpm-N49/N49B,4.6e+07,0
chr24,46000001,EnSpm-N49,4.8e+07,0
chr24,46000001,EnSpm-N49B,4.8e+07,0
chr24,46000001,EnSpm-N49/N49B,4.8e+07,0
chr24,48000001,EnSpm-N49,5e+07,0
chr24,48000001,EnSpm-N49B,5e+07,0
chr24,48000001,EnSpm-N49/N49B,5e+07,0
chr24,50000001,EnSpm-N49,5.2e+07,0
chr24,50000001,EnSpm-N49B,5.2e+07,0
chr24,50000001,EnSpm-N49/N49B,5.2e+07,0
chr24,52000001,EnSpm-N49,5.4e+07,0
chr24,52000001,EnSpm-N49B,5.4e+07,0
chr24,52000001,EnSpm-N49/N49B,5.4e+07,0
chr24,54000001,EnSpm-N49,5.6e+07,0
chr24,54000001,EnSpm-N49B,5.6e+07,0
chr24,54000001,EnSpm-N49/N49B,5.6e+07,0
chr24,56000001,EnSpm-N49,5.8e+07,0
chr24,56000001,EnSpm-N49B,5.8e+07,0
chr24,56000001,EnSpm-N49/N49B,5.8e+07,0
chr24,58000001,EnSpm-N49,6e+07,0
chr24,58000001,EnSpm-N49B,6e+07,0
chr24,58000001,EnSpm-N49/N49B,6e+07,0
chr24,60000001,EnSpm-N49,6.2e+07,0
chr24,60000001,EnSpm-N49B,6.2e+07,0
chr24,60000001,EnSpm-N49/N49B,6.2e+07,0
chr24,62000001,EnSpm-N49,6.4e+07,0
chr24,62000001,EnSpm-N49B,6.4e+07,0
chr24,62000001,EnSpm-N49/N49B,6.4e+07,0
chr24,64000001,EnSpm-N49,6.6e+07,0
chr24,64000001,EnSpm-N49B,6.6e+07,0
chr24,64000001,EnSpm-N49/N49B,6.6e+07,0
chr24,66000001,EnSpm-N49,6.8e+07,0
chr24,66000001,EnSpm-N49B,6.8e+07,0
chr24,66000001,EnSpm-N49/N49B,6.8e+07,0
chr25,1,EnSpm-N49,2e+06,0
chr25,1,EnSpm-N49B,2e+06,0
chr25,1,EnSpm-N49/N49B,2e+06,0
chr25,2000001,EnSpm-N49,4e+06,0
chr25,2000001,EnSpm-N49B,4e+06,0
chr25,2000001,EnSpm-N49/N49B,4e+06,0
chr25,4000001,EnSpm-N49,6e+06,0
chr25,4000001,EnSpm-N49B,6e+06,0
chr25,4000001,EnSpm-N49/N49B,6e+06,0
chr25,6000001,EnSpm-N49,8e+06,0
chr25,6000001,EnSpm-N49B,8e+06,0
chr25,6000001,EnSpm-N49/N49B,8e+06,0
chr25,8000001,EnSpm-N49,1e+07,0
chr25,8000001,EnSpm-N49B,1e+07,0
chr25,8000001,EnSpm-N49/N49B,1e+07,0
chr25,10000001,EnSpm-N49,1.2e+07,0
chr25,10000001,EnSpm-N49B,1.2e+07,0
chr25,10000001,EnSpm-N49/N49B,1.2e+07,0
chr25,12000001,EnSpm-N49,1.4e+07,0
chr25,12000001,EnSpm-N49B,1.4e+07,0
chr25,12000001,EnSpm-N49/N49B,1.4e+07,0
chr25,14000001,EnSpm-N49,1.6e+07,0
chr25,14000001,EnSpm-N49B,1.6e+07,0
chr25,14000001,EnSpm-N49/N49B,1.6e+07,0
chr25,16000001,EnSpm-N49,1.8e+07,0
chr25,16000001,EnSpm-N49B,1.8e+07,0
chr25,16000001,EnSpm-N49/N49B,1.8e+07,0
chr25,18000001,EnSpm-N49,2e+07,0
chr25,18000001,EnSpm-N49B,2e+07,0
chr25,18000001,EnSpm-N49/N49B,2e+07,0
chr25,20000001,EnSpm-N49,2.2e+07,0
chr25,20000001,EnSpm-N49B,2.2e+07,0
chr25,20000001,EnSpm-N49/N49B,2.2e+07,0
chr25,22000001,EnSpm-N49,2.4e+07,0
chr25,22000001,EnSpm-N49B,2.4e+07,0
chr25,22000001,EnSpm-N49/N49B,2.4e+07,0
chr25,24000001,EnSpm-N49,2.6e+07,0
chr25,24000001,EnSpm-N49B,2.6e+07,0
chr25,24000001,EnSpm-N49/N49B,2.6e+07,0
chr25,26000001,EnSpm-N49,2.8e+07,0
chr25,26000001,EnSpm-N49B,2.8e+07,0
chr25,26000001,EnSpm-N49/N49B,2.8e+07,0
chr25,28000001,EnSpm-N49,3e+07,0
chr25,28000001,EnSpm-N49B,3e+07,0
chr25,28000001,EnSpm-N49/N49B,3e+07,0
chr25,30000001,EnSpm-N49,3.2e+07,0
chr25,30000001,EnSpm-N49B,3.2e+07,0
chr25,30000001,EnSpm-N49/N49B,3.2e+07,0
chr25,32000001,EnSpm-N49,3.4e+07,0
chr25,32000001,EnSpm-N49B,3.4e+07,0
chr25,32000001,EnSpm-N49/N49B,3.4e+07,0
chr25,34000001,EnSpm-N49,3.6e+07,0
chr25,34000001,EnSpm-N49B,3.6e+07,0
chr25,34000001,EnSpm-N49/N49B,3.6e+07,0
chr25,36000001,EnSpm-N49,3.8e+07,0
chr25,36000001,EnSpm-N49B,3.8e+07,0
chr25,36000001,EnSpm-N49/N49B,3.8e+07,0
chr25,38000001,EnSpm-N49,4e+07,0
chr25,38000001,EnSpm-N49B,4e+07,0
chr25,38000001,EnSpm-N49/N49B,4e+07,0
chr25,40000001,EnSpm-N49,4.2e+07,0
chr25,40000001,EnSpm-N49B,4.2e+07,0
chr25,40000001,EnSpm-N49/N49B,4.2e+07,0
chr25,42000001,EnSpm-N49,4.4e+07,0
chr25,42000001,EnSpm-N49B,4.4e+07,0
chr25,42000001,EnSpm-N49/N49B,4.4e+07,0
chr25,44000001,EnSpm-N49,4.6e+07,0
chr25,44000001,EnSpm-N49B,4.6e+07,0
chr25,44000001,EnSpm-N49/N49B,4.6e+07,0
chr25,46000001,EnSpm-N49,4.8e+07,0
chr25,46000001,EnSpm-N49B,4.8e+07,0
chr25,46000001,EnSpm-N49/N49B,4.8e+07,0
chr25,48000001,EnSpm-N49,5e+07,0
chr25,48000001,EnSpm-N49B,5e+07,0
chr25,48000001,EnSpm-N49/N49B,5e+07,0
chr25,50000001,EnSpm-N49,5.2e+07,0
chr25,50000001,EnSpm-N49B,5.2e+07,0
chr25,50000001,EnSpm-N49/N49B,5.2e+07,0
chr25,52000001,EnSpm-N49,5.4e+07,0
chr25,52000001,EnSpm-N49B,5.4e+07,0
chr25,52000001,EnSpm-N49/N49B,5.4e+07,0
chr25,54000001,EnSpm-N49,5.6e+07,0
chr25,54000001,EnSpm-N49B,5.6e+07,0
chr25,54000001,EnSpm-N49/N49B,5.6e+07,0
chr25,56000001,EnSpm-N49,5.8e+07,0
chr25,56000001,EnSpm-N49B,5.8e+07,0
chr25,56000001,EnSpm-N49/N49B,5.8e+07,0
chr25,58000001,EnSpm-N49,6e+07,0
chr25,58000001,EnSpm-N49B,6e+07,0
chr25,58000001,EnSpm-N49/N49B,6e+07,0
chr25,60000001,EnSpm-N49,6.2e+07,0
chr25,60000001,EnSpm-N49B,6.2e+07,0
chr25,60000001,EnSpm-N49/N49B,6.2e+07,0
chr25,62000001,EnSpm-N49,6.4e+07,0
chr25,62000001,EnSpm-N49B,6.4e+07,0
chr25,62000001,EnSpm-N49/N49B,6.4e+07,0
chr25,64000001,EnSpm-N49,6.6e+07,0
chr25,64000001,EnSpm-N49B,6.6e+07,0
chr25,64000001,EnSpm-N49/N49B,6.6e+07,0
chr25,66000001,EnSpm-N49,6.8e+07,0
chr25,66000001,EnSpm-N49B,6.8e+07,0
chr25,66000001,EnSpm-N49/N49B,6.8e+07,0
